publishedAt,title,description,videoId,location
2025-03-26T14:30:28Z,Ep 3 - We Raced To Visit The Most European Countries In 6 Days,"Watch episode four of Schengen Showdown right now on Nebula: https://nebula.tv/videos/jetlag-ep-4-schengen-showdown
Get Nebula for 40% off at http://nebula.tv/jetlag

Buy the Hide and Seek Home Game: https://store.nebula.tv/collections/recently-added-1/products/hideandseek

Get $20 off an annual Nebula subscription by signing up at http://go.nebula.tv/jetlag
Listen to the Nebula-exclusive Layover podcast now: https://nebula.tv/thelayover
Buy a Jet Lag hat at: https://store.nebula.tv/collections/wendover-productions/products/wendover-jet-lag-logo-hat

Our other channels:
Wendover Productions - https://nebula.tv/wendover
Half as Interesting - https://nebula.tv/hai

Follow us on Twitter: twitter.com/wendoverpro  

Created by Adam Chase, Sam Denby, and Ben Doyle
Featuring Sam Denby, Adam Chase, Ben Doyle, and Tom Scott
Editing by Adam Chase, Ben Doyle, Jack MacColl, Tyson Kroening, Henry Ariza
Executive Producer Sam Denby
Executive Producers Adam Chase, Ben Doyle
Co-Executive Producer Graham Haerther
Supervising Producer Tyson Kroening
Motion Graphics by Lili Pereira, João Pessegueiro, Dom Burgess, Elise Heersink, Sara Stoltman
Audio by Manni Simon, Donovan Bullen
Artwork by Simon Buckmaster
Additional Game Design by Amy Muller

https://registry.goldstandard.org/credit-blocks?q=Gold+Standard+Marketplace+Order+GSM27904+&page=1

Map data from OpenStreetMap: https://www.openstreetmap.org/copyright",dsDy5VAw-xo,"Brandenburg Gate, Berlin, Germany (2)"
2025-03-19T14:30:31Z,Ep 2 - We Raced To Visit The Most European Countries In 6 Days,"Watch episode three of Schengen Showdown right now on Nebula: https://nebula.tv/videos/jetlag-ep-3-schengen-showdown
Get Nebula for 40% off at http://nebula.tv/jetlag

Buy the Hide and Seek Home Game: https://store.nebula.tv/collections/recently-added-1/products/hideandseek

Get $20 off an annual Nebula subscription by signing up at http://go.nebula.tv/jetlag
Listen to the Nebula-exclusive Layover podcast now: https://nebula.tv/thelayover
Buy a Jet Lag hat at: https://store.nebula.tv/collections/wendover-productions/products/wendover-jet-lag-logo-hat

Our other channels:
Wendover Productions - https://nebula.tv/wendover
Half as Interesting - https://nebula.tv/hai

Follow us on Twitter:  twitter.com/wendoverpro  

Created by Adam Chase, Sam Denby, and Ben Doyle
Featuring Sam Denby, Adam Chase, Ben Doyle, and Tom Scott
Editing by Adam Chase, Ben Doyle, Jack MacColl, Tyson Kroening, Henry Ariza
Executive Producer Sam Denby
Executive Producers Adam Chase, Ben Doyle
Co-Executive Producer Graham Haerther
Supervising Producer Tyson Kroening
Motion Graphics by Lili Pereira, João Pessegueiro, Dom Burgess, Elise Heersink, Sara Stoltman
Audio by Manni Simon, Donovan Bullen
Artwork by Simon Buckmaster
Additional Game Design by Amy Muller

https://registry.goldstandard.org/credit-blocks?q=Gold+Standard+Marketplace+Order+GSM27904+&page=1

Map data from OpenStreetMap: https://www.openstreetmap.org/copyright",lSwkoIQLFLo,"Eiffel Tower, Paris, France (2)"
2025-03-12T14:30:10Z,We Raced To Visit The Most European Countries In 6 Days,"Watch episode two of Schengen Showdown right now on Nebula: https://nebula.tv/videos/jetlag-ep-2-schengen-showdown
Get Nebula for 40% off at http://nebula.tv/jetlag

Buy the Hide and Seek Home Game: https://store.nebula.tv/collections/recently-added-1/products/hideandseek

Get $20 off an annual Nebula subscription by signing up at http://go.nebula.tv/jetlag
Listen to the Nebula-exclusive Layover podcast now: https://nebula.tv/thelayover
Buy a Jet Lag hat at: https://store.nebula.tv/collections/wendover-productions/products/wendover-jet-lag-logo-hat

Our other channels:
Wendover Productions - https://nebula.tv/wendover
Half as Interesting - https://nebula.tv/hai

Follow us on Twitter:  twitter.com/wendoverpro  

Created by Adam Chase, Sam Denby, and Ben Doyle
Featuring Sam Denby, Adam Chase, Ben Doyle, and Tom Scott
Editing by Adam Chase, Ben Doyle, Jack MacColl, Tyson Kroening, Henry Ariza
Executive Producer Sam Denby
Executive Producers Adam Chase, Ben Doyle
Co-Executive Producer Graham Haerther
Supervising Producer Tyson Kroening
Motion Graphics by Lili Pereira, João Pessegueiro, Dom Burgess, Elise Heersink, Sara Stoltman
Audio by Manni Simon, Donovan Bullen
Artwork by Simon Buckmaster
Additional Game Design by Amy Muller

Carbon offset via The Gold Standard: https://registry.goldstandard.org/credit-blocks?q=Gold+Standard+Marketplace+Order+GSM27904+&page=1

Map data from OpenStreetMap: https://www.openstreetmap.org/copyright",EJFAw1VRcsA,"Atomium, Brussels, Belgium (2)"
2025-03-05T15:30:01Z,Jet Lag: Schengen Showdown [Trailer],"Watch now at http://nebula.tv/jetlag

Premiering on YouTube March 12",3Qyaocw0u3o,"Colosseum, Rome, Italy (2)"
2025-01-22T15:30:09Z,We Played Hide And Seek Across Japan - Finale,"Buy the Hide and Seek Home Game: https://store.nebula.tv/collections/recently-added-1/products/hideandseek

Get $20 off an annual Nebula subscription by signing up at http://go.nebula.tv/jetlag
Listen to the Nebula-exclusive Layover podcast now: https://nebula.tv/thelayover
Buy a Jet Lag hat at: https://store.nebula.tv/collections/wendover-productions/products/wendover-jet-lag-logo-hat

Our other channels:
Wendover Productions - https://nebula.tv/wendover
Half as Interesting - https://nebula.tv/hai

Follow us on Twitter:  twitter.com/wendoverpro  

Created by Adam Chase, Sam Denby, and Ben Doyle
Featuring Sam Denby, Adam Chase, Ben Doyle
Editing by Adam Chase, Ben Doyle, Jack MacColl, Tyson Kroening, Henry Ariza
Executive Producer Sam Denby
Co-Executive Producer Graham Haerther
Supervising Producer Tyson Kroening
Motion Graphics by Lili Pereira, João Pessegueiro, Dom Burgess, Elise Heersink, Sara Stoltman
Audio by Manni Simon, Donovan Bullen
Artwork by Simon Buckmaster
Additional Game Design by Amy Muller

Map data from OpenStreetMap: https://www.openstreetmap.org/copyright",5UAM-ZKBcZs,"Shibuya Crossing, Tokyo, Japan (2)"
2025-01-15T15:30:22Z,We Played Hide And Seek Across Japan - Ep 6,"Watch the finale of Jet Lag: Hide + Seek right now on Nebula: https://nebula.tv/videos/jetlag-ep-7-we-played-hide-and-seek-across-japan
Get Nebula for 40% off at http://nebula.tv/jetlag

Buy the Hide and Seek Home Game: https://store.nebula.tv/collections/recently-added-1/products/hideandseek

Get $20 off an annual Nebula subscription by signing up at http://go.nebula.tv/jetlag
Listen to the Nebula-exclusive Layover podcast now: https://nebula.tv/thelayover
Buy a Jet Lag hat at: https://store.nebula.tv/collections/wendover-productions/products/wendover-jet-lag-logo-hat

Our other channels:
Wendover Productions - https://nebula.tv/wendover
Half as Interesting - https://nebula.tv/hai

Follow us on Twitter:  twitter.com/wendoverpro  

Created by Adam Chase, Sam Denby, and Ben Doyle
Featuring Sam Denby, Adam Chase, Ben Doyle
Editing by Adam Chase, Ben Doyle, Jack MacColl, Tyson Kroening, Henry Ariza
Executive Producer Sam Denby
Co-Executive Producer Graham Haerther
Supervising Producer Tyson Kroening
Motion Graphics by Lili Pereira, João Pessegueiro, Dom Burgess, Elise Heersink, Sara Stoltman
Audio by Manni Simon, Donovan Bullen
Artwork by Simon Buckmaster
Additional Game Design by Amy Muller

Map data from OpenStreetMap: https://www.openstreetmap.org/copyright",uGI0tkmyogU,"Fushimi Inari-taisha, Kyoto, Japan (2)"
2025-01-08T15:30:00Z,We Played Hide And Seek Across Japan - Ep 5,"Watch episode six of Jet Lag: Hide + Seek right now on Nebula: https://nebula.tv/videos/jetlag-ep-6-we-played-hide-and-seek-across-japan
Get Nebula for 40% off at http://nebula.tv/jetlag

Buy the Hide and Seek Home Game: https://store.nebula.tv/collections/recently-added-1/products/hideandseek

Get $20 off an annual Nebula subscription by signing up at http://go.nebula.tv/jetlag
Listen to the Nebula-exclusive Layover podcast now: https://nebula.tv/thelayover
Buy a Jet Lag hat at: https://store.nebula.tv/collections/wendover-productions/products/wendover-jet-lag-logo-hat

Our other channels:
Wendover Productions - https://nebula.tv/wendover
Half as Interesting - https://nebula.tv/hai

Follow us on Twitter:  twitter.com/wendoverpro  

Created by Adam Chase, Sam Denby, and Ben Doyle
Featuring Sam Denby, Adam Chase, Ben Doyle
Editing by Adam Chase, Ben Doyle, Jack MacColl, Tyson Kroening, Henry Ariza
Executive Producer Sam Denby
Co-Executive Producer Graham Haerther
Supervising Producer Tyson Kroening
Motion Graphics by Lili Pereira, João Pessegueiro, Dom Burgess, Elise Heersink, Sara Stoltman
Audio by Manni Simon, Donovan Bullen
Artwork by Simon Buckmaster
Additional Game Design by Amy Muller",16AbSxpRFJo,"Himeji Castle, Himeji, Japan (2)"
2025-01-01T16:19:43Z,We Played Hide And Seek Across Japan - Ep 4,"Watch episode five of Jet Lag: Hide + Seek right now on Nebula: https://nebula.tv/videos/jetlag-ep-5-we-played-hide-and-seek-across-japan
Get Nebula for 40% off at http://nebula.tv/jetlag

Buy the Hide and Seek Home Game: https://store.nebula.tv/collections/recently-added-1/products/hideandseek

Get $20 off an annual Nebula subscription by signing up at http://go.nebula.tv/jetlag
Listen to the Nebula-exclusive Layover podcast now: https://nebula.tv/thelayover
Buy a Jet Lag hat at: https://store.nebula.tv/collections/wendover-productions/products/wendover-jet-lag-logo-hat

Our other channels:
Wendover Productions - https://nebula.tv/wendover
Half as Interesting - https://nebula.tv/hai

Follow us on Twitter:  twitter.com/wendoverpro  

Created by Adam Chase, Sam Denby, and Ben Doyle
Featuring Sam Denby, Adam Chase, Ben Doyle
Editing by Adam Chase, Ben Doyle, Jack MacColl, Tyson Kroening, Henry Ariza
Executive Producer Sam Denby
Co-Executive Producer Graham Haerther
Supervising Producer Tyson Kroening
Motion Graphics by Lili Pereira, João Pessegueiro, Dom Burgess, Elise Heersink, Sara Stoltman
Audio by Manni Simon, Donovan Bullen
Artwork by Simon Buckmaster
Additional Game Design by Amy Muller

Map data from OpenStreetMap: https://www.openstreetmap.org/copyright",TUkra-5kybs,"Dotonbori, Osaka, Japan (2)"
2024-12-24T15:30:03Z,We Played Hide And Seek Across Japan - Ep 3,"Watch episode four of Jet Lag: Hide + Seek right now on Nebula: https://nebula.tv/videos/jetlag-ep-4-we-played-hide-and-seek-across-japan
Get Nebula for 40% off at http://nebula.tv/jetlag

Buy the Hide and Seek Home Game: https://store.nebula.tv/collections/recently-added-1/products/hideandseek

Get $20 off an annual Nebula subscription by signing up at http://go.nebula.tv/jetlag
Listen to the Nebula-exclusive Layover podcast now: https://nebula.tv/thelayover
Buy a Jet Lag hat at: https://store.nebula.tv/collections/wendover-productions/products/wendover-jet-lag-logo-hat

Our other channels:
Wendover Productions - https://nebula.tv/wendover
Half as Interesting - https://nebula.tv/hai

Follow us on Twitter:  twitter.com/wendoverpro  

Created by Adam Chase, Sam Denby, and Ben Doyle
Featuring Sam Denby, Adam Chase, Ben Doyle
Editing by Adam Chase, Ben Doyle, Jack MacColl, Tyson Kroening, Henry Ariza
Executive Producer Sam Denby
Co-Executive Producer Graham Haerther
Supervising Producer Tyson Kroening
Motion Graphics by Lili Pereira, João Pessegueiro, Dom Burgess, Elise Heersink, Sara Stoltman
Audio by Manni Simon, Donovan Bullen
Artwork by Simon Buckmaster
Additional Game Design by Amy Muller

Map data from OpenStreetMap: https://www.openstreetmap.org/copyright",8Xdl5psYVgQ,"Kinkaku-ji, Kyoto, Japan (2)"
2024-12-18T15:35:14Z,We Played Hide And Seek Across Japan - Ep 2,"Watch episode three of Jet Lag: Hide + Seek right now on Nebula: https://nebula.tv/videos/jetlag-ep-3-we-played-hide-and-seek-across-japan
Get Nebula for 40% off at http://nebula.tv/jetlag

Buy the Hide and Seek Home Game: https://store.nebula.tv/collections/recently-added-1/products/hideandseek

Get $20 off an annual Nebula subscription by signing up at http://go.nebula.tv/jetlag
Listen to the Nebula-exclusive Layover podcast now: https://nebula.tv/thelayover
Buy a Jet Lag hat at: https://store.nebula.tv/collections/wendover-productions/products/wendover-jet-lag-logo-hat

Our other channels:
Wendover Productions - https://nebula.tv/wendover
Half as Interesting - https://nebula.tv/hai

Follow us on Twitter:  twitter.com/wendoverpro  

Created by Adam Chase, Sam Denby, and Ben Doyle
Featuring Sam Denby, Adam Chase, Ben Doyle
Editing by Adam Chase, Ben Doyle, Jack MacColl, Tyson Kroening, Henry Ariza
Executive Producer Sam Denby
Co-Executive Producer Graham Haerther
Supervising Producer Tyson Kroening
Motion Graphics by Lili Pereira, João Pessegueiro, Dom Burgess, Elise Heersink, Sara Stoltman
Audio by Manni Simon, Donovan Bullen
Artwork by Simon Buckmaster
Additional Game Design by Amy Muller

Map data from OpenStreetMap: https://www.openstreetmap.org/copyright",eRWobpethq4,"Akihabara, Tokyo, Japan (2)"
2024-12-11T15:30:12Z,We Played Hide And Seek Across Japan,"Watch episode two of Jet Lag: Hide + Seek right now on Nebula: https://nebula.tv/videos/jetlag-ep-2-we-played-hide-and-seek-across-japan
Get Nebula for 40% off at http://nebula.tv/jetlag

Buy the Hide and Seek Home Game: https://store.nebula.tv/collections/recently-added-1/products/hideandseek

Get $20 off an annual Nebula subscription by signing up at http://go.nebula.tv/jetlag
Listen to the Nebula-exclusive Layover podcast now: https://nebula.tv/thelayover
Buy a Jet Lag hat at: https://store.nebula.tv/collections/wendover-productions/products/wendover-jet-lag-logo-hat

Our other channels:
Wendover Productions - https://nebula.tv/wendover
Half as Interesting - https://nebula.tv/hai

Follow us on Twitter:  twitter.com/wendoverpro  

Created by Adam Chase, Sam Denby, and Ben Doyle
Featuring Sam Denby, Adam Chase, Ben Doyle
Editing by Adam Chase, Ben Doyle, Jack MacColl, Tyson Kroening, Henry Ariza
Executive Producer Sam Denby
Co-Executive Producer Graham Haerther
Supervising Producer Tyson Kroening
Motion Graphics by Lili Pereira, João Pessegueiro, Dom Burgess, Elise Heersink, Sara Stoltman
Audio by Manni Simon, Donovan Bullen
Artwork by Simon Buckmaster
Additional Game Design by Amy Muller

Map data from OpenStreetMap: https://www.openstreetmap.org/copyright",PHjkSKQSzv4,"Osaka Castle, Osaka, Japan (2)"
2024-12-04T15:30:08Z,Jet Lag: Hide + Seek Japan [Trailer],"Watch now at http://nebula.tv/jetlag

Premiering on YouTube December 11th",DJuloZc4QJw,"Mount Fuji, Shizuoka/Yamanashi, Japan (2)"
2024-10-02T15:32:50Z,Finale - We Played a 72 Hour Game of Tag Across Europe (2024),"Get Nebula for 40% off at http://nebula.tv/jetlag

Listen to the Nebula-exclusive Layover podcast now: https://nebula.tv/thelayover
Order a Jet Lag hat at: https://store.nebula.tv/collections/wendover-productions/products/wendover-jet-lag-logo-hat

Our other channels:
Wendover Productions - https://nebula.tv/wendover
Half as Interesting - https://nebula.tv/hai

Follow us on Twitter:  twitter.com/wendoverpro  

Created by Adam Chase, Sam Denby, and Ben Doyle
Featuring Sam Denby, Adam Chase, and Ben Doyle.
Editing by Adam Chase, Ben Doyle, Jack MacColl, Tyson Kroening, Henry Ariza
Executive Producer Sam Denby
Co-Executive Producer Graham Haerther
Supervising Producer Tyson Kroening
Motion Graphics by Lili Pereira, João Pessegueiro, Dom Burgess, Elise Heersink, Sara Stoltman
Audio by Manni Simon, Donovan Bullen
Artwork by Simon Buckmaster
Additional Game Design by Amy Muller",CpIHZSRBrgA,"Tower Bridge, London, England, United Kingdom (2)"
2024-09-25T14:30:18Z,Ep 5 - We Played a 72 Hour Game of Tag Across Europe (2024),"Watch episode 6 of Tag Across Europe right now on Nebula: https://nebula.tv/videos/jetlag-ep-6-tag-across-europe-3
Get Nebula for 40% off at http://nebula.tv/jetlag

Listen to the Nebula-exclusive Layover podcast now: https://nebula.tv/thelayover
Order a Jet Lag hat at: https://store.nebula.tv/collections/wendover-productions/products/wendover-jet-lag-logo-hat

Our other channels:
Wendover Productions - https://nebula.tv/wendover
Half as Interesting - https://nebula.tv/hai

Follow us on Twitter:  twitter.com/wendoverpro  

Created by Adam Chase, Sam Denby, and Ben Doyle
Featuring Sam Denby, Adam Chase, and Ben Doyle.
Editing by Adam Chase, Ben Doyle, Jack MacColl, Tyson Kroening, Henry Ariza
Executive Producer Sam Denby
Co-Executive Producer Graham Haerther
Supervising Producer Tyson Kroening
Motion Graphics by Lili Pereira, João Pessegueiro, Dom Burgess, Elise Heersink, Sara Stoltman
Audio by Manni Simon, Donovan Bullen
Artwork by Simon Buckmaster
Additional Game Design by Amy Muller",Fd-SP-yoDbU,"Prague Castle, Prague, Czech Republic (2)"
2024-09-18T14:30:22Z,Ep 4 - We Played a 72 Hour Game of Tag Across Europe (2024),"Watch episode 5 of Tag Across Europe right now on Nebula: https://nebula.tv/videos/jetlag-ep-5-tag-across-europe-3
Get Nebula for 40% off at http://nebula.tv/jetlag

Listen to the Nebula-exclusive Layover podcast now: https://nebula.tv/thelayover
Order a Jet Lag hat at: https://store.nebula.tv/collections/wendover-productions/products/wendover-jet-lag-logo-hat

Our other channels:
Wendover Productions - https://nebula.tv/wendover
Half as Interesting - https://nebula.tv/hai

Follow us on Twitter:  twitter.com/wendoverpro  

Created by Adam Chase, Sam Denby, and Ben Doyle
Featuring Sam Denby, Adam Chase, and Ben Doyle.
Editing by Adam Chase, Ben Doyle, Jack MacColl, Tyson Kroening, Henry Ariza
Executive Producer Sam Denby
Co-Executive Producer Graham Haerther
Supervising Producer Tyson Kroening
Motion Graphics by Lili Pereira, João Pessegueiro, Dom Burgess, Elise Heersink, Sara Stoltman
Audio by Manni Simon, Donovan Bullen
Artwork by Simon Buckmaster
Additional Game Design by Amy Muller",VsuuYPwgbg0,"Sagrada Família, Barcelona, Spain (2)"
2024-09-11T14:30:14Z,Ep 3 - We Played a 72 Hour Game of Tag Across Europe (2024),"Watch episode 4 of Tag Across Europe right now on Nebula: https://nebula.tv/videos/jetlag-ep-4-tag-across-europe-3
Get Nebula for 40% off at http://nebula.tv/jetlag

Listen to the Nebula-exclusive Layover podcast now: https://nebula.tv/thelayover
Order a Jet Lag hat at: https://store.nebula.tv/collections/wendover-productions/products/wendover-jet-lag-logo-hat

Our other channels:
Wendover Productions - https://nebula.tv/wendover
Half as Interesting - https://nebula.tv/hai

Follow us on Twitter:  twitter.com/wendoverpro  

Created by Adam Chase, Sam Denby, and Ben Doyle
Featuring Sam Denby, Adam Chase, and Ben Doyle.
Editing by Adam Chase, Ben Doyle, Jack MacColl, Tyson Kroening, Henry Ariza
Executive Producer Sam Denby
Co-Executive Producer Graham Haerther
Supervising Producer Tyson Kroening
Motion Graphics by Lili Pereira, João Pessegueiro, Dom Burgess, Elise Heersink, Sara Stoltman
Audio by Manni Simon, Donovan Bullen
Artwork by Simon Buckmaster
Additional Game Design by Amy Muller",GYVUFfQ3OTk,"Rialto Bridge, Venice, Italy (2)"
2024-09-04T14:30:12Z,Ep 2 - We Played a 72 Hour Game of Tag Across Europe (2024),"Watch episode 3 of Tag Across Europe right now on Nebula: https://nebula.tv/videos/jetlag-ep-3-tag-across-europe-3
Get Nebula for 40% off at http://nebula.tv/jetlag

Listen to the Nebula-exclusive Layover podcast now: https://nebula.tv/thelayover
Order a Jet Lag hat at: https://store.nebula.tv/collections/wendover-productions/products/wendover-jet-lag-logo-hat

Our other channels:
Wendover Productions - https://nebula.tv/wendover
Half as Interesting - https://nebula.tv/hai

Follow us on Twitter:  twitter.com/wendoverpro  

Created by Adam Chase, Sam Denby, and Ben Doyle
Featuring Sam Denby, Adam Chase, and Ben Doyle.
Editing by Adam Chase, Ben Doyle, Jack MacColl, Tyson Kroening, Henry Ariza
Executive Producer Sam Denby
Co-Executive Producer Graham Haerther
Supervising Producer Tyson Kroening
Motion Graphics by Lili Pereira, João Pessegueiro, Dom Burgess, Elise Heersink, Sara Stoltman
Audio by Manni Simon, Donovan Bullen
Artwork by Simon Buckmaster
Additional Game Design by Amy Muller",QcQqT4yMvro,"Big Ben, London, England, United Kingdom (2)"
2024-08-28T14:29:00Z,We Played a 72 Hour Game of Tag Across Europe (2024),"Watch episode 2 of Tag Across Europe right now on Nebula: https://nebula.tv/videos/jetlag-ep-2-tag-across-europe-3
Get Nebula for 40% off at http://nebula.tv/jetlag

Listen to the Nebula-exclusive Layover podcast now: https://nebula.tv/thelayover
Order a Jet Lag hat at: https://store.nebula.tv/collections/wendover-productions/products/wendover-jet-lag-logo-hat

Our other channels:
Wendover Productions - https://nebula.tv/wendover
Half as Interesting - https://nebula.tv/hai

Follow us on Twitter:  twitter.com/wendoverpro  

Created by Adam Chase, Sam Denby, and Ben Doyle
Featuring Sam Denby, Adam Chase, and Ben Doyle.
Editing by Adam Chase, Ben Doyle, Jack MacColl, Tyson Kroening, Henry Ariza
Executive Producer Sam Denby
Co-Executive Producer Graham Haerther
Supervising Producer Tyson Kroening
Motion Graphics by Lili Pereira, João Pessegueiro, Dom Burgess, Elise Heersink, Sara Stoltman
Audio by Manni Simon, Donovan Bullen
Artwork by Simon Buckmaster
Additional Game Design by Amy Muller",hsoiHKaqG2s,"Szechenyi Chain Bridge, Budapest, Hungary (2)"
2024-08-21T15:36:45Z,Jet Lag: Tag 3 [Trailer],"Watch now at http://nebula.tv/jetlag

Premiering on YouTube August 28",BulZkf97cEQ,"Matthias Church, Budapest, Hungary (2)"
2024-06-26T14:30:13Z,AU$TRALIA: A Travel Game - Finale,"Get Nebula for 40% off at http://nebula.tv/jetlag

Listen to the Nebula-exclusive Layover podcast now: https://nebula.tv/thelayover
Pre-order a Jet Lag hat at: https://store.nebula.tv/collections/wendover-productions/products/wendover-jet-lag-logo-hat

Our other channels:
Wendover Productions - https://nebula.tv/wendover
Half as Interesting - https://nebula.tv/hai

Follow us on Twitter:  twitter.com/wendoverpro  

Created by Adam Chase, Sam Denby, and Ben Doyle
Featuring Sam Denby, Adam Chase, Ben Doyle and Toby Hendy
Editing by Adam Chase, Ben Doyle, Jack MacColl, Tyson Kroening, Henry Ariza
Executive Producer Sam Denby
Co-Executive Producer Graham Haerther
Supervising Producer Tyson Kroening
Motion Graphics by Lili Pereira, João Pessegueiro, Dom Burgess, Elise Heersink, Sara Stoltman
Audio by Manni Simon, Donovan Bullen
Artwork by Simon Buckmaster
Additional Game Design by Amy Muller

Carbon offset by the Gold Standard: https://registry.goldstandard.org/credit-blocks/details/432512",Lf62N-s42_o,"Sydney Opera House, Sydney, New South Wales, Australia (2)"
2024-06-19T14:30:19Z,AU$TRALIA: A Travel Game - Ep 5,"Watch episode 6 of Jet Lag: AU$TRALIA now: https://nebula.tv/videos/jetlag-ep-6-australia-a-game-about-travel-money-and-risk/
Get Nebula for 40% off at http://nebula.tv/jetlag

Listen to the Nebula-exclusive Layover podcast now: https://nebula.tv/thelayover
Pre-order a Jet Lag hat at: https://store.nebula.tv/collections/wendover-productions/products/wendover-jet-lag-logo-hat

Our other channels:
Wendover Productions - https://nebula.tv/wendover
Half as Interesting - https://nebula.tv/hai

Follow us on Twitter:  twitter.com/wendoverpro  

Created by Adam Chase, Sam Denby, and Ben Doyle
Featuring Sam Denby, Adam Chase, Ben Doyle and Toby Hendy
Editing by Adam Chase, Ben Doyle, Jack MacColl, Tyson Kroening, Henry Ariza
Executive Producer Sam Denby
Co-Executive Producer Graham Haerther
Supervising Producer Tyson Kroening
Motion Graphics by Lili Pereira, João Pessegueiro, Dom Burgess, Elise Heersink, Sara Stoltman
Audio by Manni Simon, Donovan Bullen
Artwork by Simon Buckmaster
Additional Game Design by Amy Muller

Carbon offset by the Gold Standard: https://registry.goldstandard.org/credit-blocks/details/432512",v4KHDMvFQgg,"Bondi Beach, Sydney, New South Wales, Australia (2)"
2024-06-12T14:30:04Z,AU$TRALIA: A Travel Game - Ep 4,"Watch episode 5 of Jet Lag: AU$TRALIA now: https://nebula.tv/videos/jetlag-ep-5-australia-a-game-about-travel-money-and-risk/
Get Nebula for 40% off at http://nebula.tv/jetlag

Listen to the Nebula-exclusive Layover podcast now: https://nebula.tv/thelayover
Pre-order a Jet Lag hat at: https://store.nebula.tv/collections/wendover-productions/products/wendover-jet-lag-logo-hat

Our other channels:
Wendover Productions - https://nebula.tv/wendover
Half as Interesting - https://nebula.tv/hai

Follow us on Twitter:  twitter.com/wendoverpro  

Created by Adam Chase, Sam Denby, and Ben Doyle
Featuring Sam Denby, Adam Chase, Ben Doyle and Toby Hendy
Editing by Adam Chase, Ben Doyle, Jack MacColl, Tyson Kroening, Henry Ariza
Executive Producer Sam Denby
Co-Executive Producer Graham Haerther
Supervising Producer Tyson Kroening
Motion Graphics by Lili Pereira, João Pessegueiro, Dom Burgess, Elise Heersink, Sara Stoltman
Audio by Manni Simon, Donovan Bullen
Artwork by Simon Buckmaster
Additional Game Design by Amy Muller

Carbon offset by the Gold Standard: https://registry.goldstandard.org/credit-blocks/details/432512",BPOglXCH0F8,"Federation Square, Melbourne, Victoria, Australia (2)"
2024-06-05T14:30:12Z,AU$TRALIA: A Travel Game - Ep 3,"Watch episode 4 of Jet Lag: AU$TRALIA now: https://nebula.tv/videos/jetlag-ep-4-australia-a-game-about-travel-money-and-risk/
Get Nebula for 40% off at http://nebula.tv/jetlag

Listen to the Nebula-exclusive Layover podcast now: https://nebula.tv/thelayover
Pre-order a Jet Lag hat at: https://store.nebula.tv/collections/wendover-productions/products/wendover-jet-lag-logo-hat

Our other channels:
Wendover Productions - https://nebula.tv/wendover
Half as Interesting - https://nebula.tv/hai

Follow us on Twitter:  twitter.com/wendoverpro  

Created by Adam Chase, Sam Denby, and Ben Doyle
Featuring Sam Denby, Adam Chase, Ben Doyle and Toby Hendy
Editing by Adam Chase, Ben Doyle, Jack MacColl, Tyson Kroening, Henry Ariza
Executive Producer Sam Denby
Co-Executive Producer Graham Haerther
Supervising Producer Tyson Kroening
Motion Graphics by Lili Pereira, João Pessegueiro, Dom Burgess, Elise Heersink, Sara Stoltman
Audio by Manni Simon, Donovan Bullen
Artwork by Simon Buckmaster
Additional Game Design by Amy Muller

Carbon offset by the Gold Standard: https://registry.goldstandard.org/credit-blocks/details/432512",JPj_Kf5jC_0,"Great Ocean Road, Victoria, Australia (2)"
2024-05-29T14:33:15Z,AU$TRALIA: A Travel Game - Ep 2,"Watch episode 3 of Jet Lag: AU$TRALIA now: https://nebula.tv/videos/jetlag-ep-3-australia-a-game-about-travel-money-and-risk/
Get Nebula for 40% off at http://nebula.tv/jetlag

Listen to the Nebula-exclusive Layover podcast now: https://nebula.tv/thelayover
Pre-order a Jet Lag hat at: https://store.nebula.tv/collections/wendover-productions/products/wendover-jet-lag-logo-hat

Our other channels:
Wendover Productions - https://nebula.tv/wendover
Half as Interesting - https://nebula.tv/hai

Follow us on Twitter:  twitter.com/wendoverpro  

Created by Adam Chase, Sam Denby, and Ben Doyle
Featuring Sam Denby, Adam Chase, Ben Doyle and Toby Hendy
Editing by Adam Chase, Ben Doyle, Jack MacColl, Tyson Kroening, Henry Ariza
Executive Producer Sam Denby
Co-Executive Producer Graham Haerther
Supervising Producer Tyson Kroening
Motion Graphics by Lili Pereira, João Pessegueiro, Dom Burgess, Elise Heersink, Sara Stoltman
Audio by Manni Simon, Donovan Bullen
Artwork by Simon Buckmaster
Additional Game Design by Amy Muller

Carbon offset by the Gold Standard: https://registry.goldstandard.org/credit-blocks/details/432512",abwiCon6IjU,"Uluru, Northern Territory, Australia (2)"
2024-05-22T14:30:19Z,AU$TRALIA: A Travel Game,"Watch episode 2 of Jet Lag: AU$TRALIA now: https://nebula.tv/videos/jetlag-australia-a-game-about-travel-money-and-risk
Get Nebula for 40% off at http://nebula.tv/jetlag

Listen to the Nebula-exclusive Layover podcast now: https://nebula.tv/thelayover
Pre-order a Jet Lag hat at: https://store.nebula.tv/collections/wendover-productions/products/wendover-jet-lag-logo-hat

Our other channels:
Wendover Productions - https://nebula.tv/wendover
Half as Interesting - https://nebula.tv/hai

Follow us on Twitter:  twitter.com/wendoverpro  

Created by Adam Chase, Sam Denby, and Ben Doyle
Featuring Sam Denby, Adam Chase, Ben Doyle and Toby Hendy
Editing by Adam Chase, Ben Doyle, Jack MacColl, Tyson Kroening, Henry Ariza
Executive Producer Sam Denby
Co-Executive Producer Graham Haerther
Supervising Producer Tyson Kroening
Motion Graphics by Lili Pereira, João Pessegueiro, Dom Burgess, Elise Heersink, Sara Stoltman
Audio by Manni Simon, Donovan Bullen
Artwork by Simon Buckmaster
Additional Game Design by Amy Muller

Carbon offset by the Gold Standard: https://registry.goldstandard.org/credit-blocks/details/432512",rNxi1-UgV2I,"Rialto Towers, Melbourne, Victoria, Australia (2)"
2024-05-15T14:30:07Z,Jet Lag: AU$TRALIA [Trailer],"Watch now at http://nebula.tv/jetlag

Premiering on YouTube May 22nd",Ep34bvS4Y9Q,"Flinders Street Station, Melbourne, Victoria, Australia (2)"
2024-04-03T14:30:19Z,We Played Hide And Seek Across Switzerland - Finale,"Watch the outtakes of Jet Lag: Hide + Seek right now on Nebula: https://nebula.tv/videos/jetlag-jet-lag-the-outtakes-everything-we-cut-from-season-9
Get Nebula for 40% off at http://nebula.tv/jetlag

Listen to the Nebula-exclusive Layover podcast now: https://nebula.tv/thelayover
Pre-order a Jet Lag hat at: https://store.nebula.tv/collections/wendover-productions/products/wendover-jet-lag-logo-hat

Our other channels:
Wendover Productions - https://nebula.tv/wendover
Half as Interesting - https://nebula.tv/hai

Follow us on Twitter:  twitter.com/wendoverpro  

Created by Adam Chase, Sam Denby, and Ben Doyle
Featuring Sam Denby, Adam Chase, Ben Doyle
Editing by Adam Chase, Ben Doyle, Jack MacColl, Tyson Kroening, Henry Ariza
Executive Producer Sam Denby
Co-Executive Producer Graham Haerther
Supervising Producer Tyson Kroening
Motion Graphics by Lili Pereira, João Pessegueiro, Dom Burgess, Elise Heersink, Sara Stoltman
Audio by Manni Simon, Donovan Bullen
Artwork by Simon Buckmaster
Additional Game Design by Amy Muller",X13gVRwnKDA,"Matterhorn, Zermatt, Switzerland (2)"
2024-03-27T14:30:01Z,We Played Hide And Seek Across Switzerland - Ep 4,"Watch the finale of Jet Lag: Hide + Seek right now on Nebula: https://nebula.tv/videos/jetlag-ep-5-we-played-hide-and-seek-across-switzerland
Get Nebula for 40% off at http://nebula.tv/jetlag

Listen to the Nebula-exclusive Layover podcast now: https://nebula.tv/thelayover
Pre-order a Jet Lag hat at: https://store.nebula.tv/collections/wendover-productions/products/wendover-jet-lag-logo-hat

Our other channels:
Wendover Productions - https://nebula.tv/wendover
Half as Interesting - https://nebula.tv/hai

Follow us on Twitter:  twitter.com/wendoverpro  

Created by Adam Chase, Sam Denby, and Ben Doyle
Featuring Sam Denby, Adam Chase, Ben Doyle
Editing by Adam Chase, Ben Doyle, Jack MacColl, Tyson Kroening, Henry Ariza
Executive Producer Sam Denby
Co-Executive Producer Graham Haerther
Supervising Producer Tyson Kroening
Motion Graphics by Lili Pereira, João Pessegueiro, Dom Burgess, Elise Heersink, Sara Stoltman
Audio by Manni Simon, Donovan Bullen
Artwork by Simon Buckmaster
Additional Game Design by Amy Muller",62NKEFWavKA,"Chapel Bridge, Lucerne, Switzerland (2)"
2024-03-20T15:31:36Z,We Played Hide And Seek Across Switzerland - Ep 3,"Watch episode four of Jet Lag: Hide + Seek right now on Nebula: https://nebula.tv/videos/jetlag-ep-4-we-played-hide-and-seek-across-switzerland
Get Nebula for 40% off at http://nebula.tv/jetlag

Listen to the Nebula-exclusive Layover podcast now: https://nebula.tv/thelayover
Pre-order a Jet Lag hat at: https://store.nebula.tv/collections/wendover-productions/products/wendover-jet-lag-logo-hat

Our other channels:
Wendover Productions - https://nebula.tv/wendover
Half as Interesting - https://nebula.tv/hai

Follow us on Twitter:  twitter.com/wendoverpro  

Created by Adam Chase, Sam Denby, and Ben Doyle
Featuring Sam Denby, Adam Chase, Ben Doyle
Editing by Adam Chase, Ben Doyle, Jack MacColl, Tyson Kroening, Henry Ariza
Executive Producer Sam Denby
Co-Executive Producer Graham Haerther
Supervising Producer Tyson Kroening
Motion Graphics by Lili Pereira, João Pessegueiro, Dom Burgess, Elise Heersink, Sara Stoltman
Audio by Manni Simon, Donovan Bullen
Artwork by Simon Buckmaster
Additional Game Design by Amy Muller",h5kDnrKG6OA,"Jet d'Eau, Geneva, Switzerland (2)"
2024-03-13T14:30:07Z,We Played Hide And Seek Across Switzerland - Ep 2,"Watch episode three of Jet Lag: Hide + Seek right now on Nebula: https://nebula.tv/videos/jetlag-ep-3-we-played-hide-and-seek-across-switzerland
Get Nebula for 40% off at http://nebula.tv/jetlag

Get $20 off an annual Nebula subscription by signing up at http://go.nebula.tv/jetlag
Listen to the Nebula-exclusive Layover podcast now: https://nebula.tv/thelayover
Pre-order a Jet Lag hat at: https://store.nebula.tv/collections/wendover-productions/products/wendover-jet-lag-logo-hat

Our other channels:
Wendover Productions - https://nebula.tv/wendover
Half as Interesting - https://nebula.tv/hai

Follow us on Twitter:  twitter.com/wendoverpro  

Created by Adam Chase, Sam Denby, and Ben Doyle
Featuring Sam Denby, Adam Chase, Ben Doyle
Editing by Adam Chase, Ben Doyle, Jack MacColl, Tyson Kroening, Henry Ariza
Executive Producer Sam Denby
Co-Executive Producer Graham Haerther
Supervising Producer Tyson Kroening
Motion Graphics by Lili Pereira, João Pessegueiro, Dom Burgess, Elise Heersink, Sara Stoltman
Audio by Manni Simon, Donovan Bullen
Artwork by Simon Buckmaster
Additional Game Design by Amy Muller",CkRXCvWptn4,"Rhine Falls, Neuhausen am Rheinfall, Switzerland (2)"
2024-03-06T15:30:06Z,We Played Hide And Seek Across Switzerland,"Watch episode two of Jet Lag: Hide + Seek right now on Nebula: 
Get Nebula for 40% off at http://nebula.tv/jetlag

Get $20 off an annual Nebula subscription by signing up at http://go.nebula.tv/jetlag
Listen to the Nebula-exclusive Layover podcast now: https://nebula.tv/thelayover
Pre-order a Jet Lag hat at: https://store.nebula.tv/collections/wendover-productions/products/wendover-jet-lag-logo-hat

Our other channels:
Wendover Productions - https://nebula.tv/wendover
Half as Interesting - https://nebula.tv/hai

Follow us on Twitter:  twitter.com/wendoverpro  

Created by Adam Chase, Sam Denby, and Ben Doyle
Featuring Sam Denby, Adam Chase, Ben Doyle
Editing by Adam Chase, Ben Doyle, Jack MacColl, Tyson Kroening, Henry Ariza
Executive Producer Sam Denby
Co-Executive Producer Graham Haerther
Supervising Producer Tyson Kroening
Motion Graphics by Lili Pereira, João Pessegueiro, Dom Burgess, Elise Heersink, Sara Stoltman
Audio by Manni Simon, Donovan Bullen
Artwork by Simon Buckmaster
Additional Game Design by Amy Muller",E8UmTJVDnUI,"Zytglogge, Bern, Switzerland (2)"
2024-02-28T15:30:03Z,Jet Lag: Hide + Seek [Trailer],"Watch episode 1 of Jet Lag: Hide + Seek right now on Nebula: https://nebula.tv/videos/jetlag-we-played-hide-and-seek-across-switzerland

Get Nebula for 40% off at http://nebula.tv/jetlag

Listen to the Nebula-exclusive Layover podcast now: https://nebula.tv/thelayover

Our other channels:
Wendover Productions - https://nebula.tv/wendover
Half as Interesting - https://nebula.tv/hai

Follow us on Twitter: http://twitter.com/wendoverpro

Created by Adam Chase, Sam Denby, and Ben Doyle
Featuring Sam Denby, Adam Chase, Ben Doyle
Editing by Adam Chase, Ben Doyle, Jack MacColl, Tyson Kroening, Henry Ariza
Executive Producer Sam Denby
Co-Executive Producer Graham Haerther
Supervising Producer Tyson Kroening
Motion Graphics by Lili Pereira, João Pessegueiro, Dom Burgess, Elise Heersink, Sara Stoltman
Audio by Manni Simon, Donovan Bullen
Artwork by Simon Buckmaster
Additional Game Design by Amy Muller

Map data from OpenStreetMap: https://www.openstreetmap.org/copyright",92bS-Gu2ivM,"Lake Geneva, Montreux, Switzerland (2)"
2024-01-24T15:30:07Z,Finale - We Raced From USA's Northernmost to Southernmost Town,"Watch Jet Lag: The Outtakes right now on Nebula: https://nebula.tv/videos/jetlag-jet-lag-the-outtakes-everything-we-cut-from-season-8
Get Nebula for 40% off at http://nebula.tv/jetlag

Listen to the Nebula-exclusive Layover podcast now: https://nebula.tv/thelayover

Our other channels:
Wendover Productions - https://nebula.tv/wendover
Half as Interesting - https://nebula.tv/hai

Follow us on Twitter: http://twitter.com/wendoverpro

Created by Adam Chase, Sam Denby, and Ben Doyle
Guest starring Michelle Khare
Editing by Adam Chase, Ben Doyle, Jack MacColl, Henry Ariza, Tyson Kroening
Supervising Producer Graham Haerther
Motion Graphics by Lili Pereira, João Pessegueiro, Dom Burgess, Elise Heersink, Derek Brown
Audio by Manni Simon, Donovan Bullen
Additional Game Design by Amy Muller
Artwork by Simon Buckmaster

Map data from OpenStreetMap: https://www.openstreetmap.org/copyright",SqWs-riq6Dc,"Barrow (Utqiaġvik), Alaska, USA (2)"
2024-01-17T15:30:10Z,Ep 5 - We Raced From USA's Northernmost to Southernmost Town,"Watch the finale of Jet Lag: Arctic Escape right now on Nebula: https://nebula.tv/videos/jetlag-ep-6-we-raced-from-americas-northernmost-to-southernmost-town
Get Nebula for 40% off at http://nebula.tv/jetlag

Listen to the Nebula-exclusive Layover podcast now: https://nebula.tv/thelayover

Our other channels:
Wendover Productions - https://nebula.tv/wendover
Half as Interesting - https://nebula.tv/hai

Follow us on Twitter: http://twitter.com/wendoverpro

Created by Adam Chase, Sam Denby, and Ben Doyle
Guest starring Michelle Khare
Editing by Adam Chase, Ben Doyle, Jack MacColl, Henry Ariza, Tyson Kroening
Supervising Producer Graham Haerther
Motion Graphics by Lili Pereira, João Pessegueiro, Dom Burgess, Elise Heersink, Derek Brown
Audio by Manni Simon, Donovan Bullen
Additional Game Design by Amy Muller
Artwork by Simon Buckmaster

Map data from OpenStreetMap: https://www.openstreetmap.org/copyright",UtxqlV0r_iU,"Key West, Florida, USA (2)"
2024-01-10T15:30:51Z,Ep 4 - We Raced From USA's Northernmost to Southernmost Town,"Watch episode five of Jet Lag: Arctic Escape right now on Nebula: https://nebula.tv/videos/jetlag-ep-5-we-raced-from-americas-northernmost-to-southernmost-town
Get Nebula for 40% off at http://nebula.tv/jetlag

Listen to the Nebula-exclusive Layover podcast now: https://nebula.tv/thelayover

Our other channels:
Wendover Productions - https://nebula.tv/wendover
Half as Interesting - https://nebula.tv/hai

Follow us on Twitter: http://twitter.com/wendoverpro

Created by Adam Chase, Sam Denby, and Ben Doyle
Guest starring Michelle Khare
Editing by Adam Chase, Ben Doyle, Jack MacColl, Henry Ariza, Tyson Kroening
Supervising Producer Graham Haerther
Motion Graphics by Lili Pereira, João Pessegueiro, Dom Burgess, Elise Heersink, Derek Brown
Audio by Manni Simon, Donovan Bullen
Additional Game Design by Amy Muller
Artwork by Simon Buckmaster

Map data from OpenStreetMap: https://www.openstreetmap.org/copyright",Bvd1ozFzYu4,"Utqiaġvik, Alaska, USA (2)"
2024-01-03T15:30:02Z,Ep 3 - We Raced From USA's Northernmost to Southernmost Town,"Watch episode four of Jet Lag: Arctic Escape right now on Nebula: https://nebula.tv/videos/jetlag-ep-4-we-raced-from-americas-northernmost-to-southernmost-town
Get Nebula for 40% off at http://nebula.tv/jetlag

Listen to the Nebula-exclusive Layover podcast now: https://nebula.tv/thelayover

Our other channels:
Wendover Productions - https://nebula.tv/wendover
Half as Interesting - https://nebula.tv/hai

Follow us on Twitter: http://twitter.com/wendoverpro

Created by Adam Chase, Sam Denby, and Ben Doyle
Guest starring Michelle Khare
Editing by Adam Chase, Ben Doyle, Jack MacColl, Henry Ariza, Tyson Kroening
Supervising Producer Graham Haerther
Motion Graphics by Lili Pereira, João Pessegueiro, Dom Burgess, Elise Heersink, Derek Brown
Audio by Manni Simon, Donovan Bullen
Additional Game Design by Amy Muller
Artwork by Simon Buckmaster

Map data from OpenStreetMap: https://www.openstreetmap.org/copyright",9iCx-7xW5T8,"Deadhorse, Alaska, USA (2)"
2023-12-27T15:30:05Z,Ep 2 - We Raced From USA's Northernmost to Southernmost Town,"Watch episode three of Jet Lag: Arctic Escape right now on Nebula: https://nebula.tv/videos/jetlag-ep-3-we-raced-from-americas-northernmost-to-southernmost-town
Get Nebula for 40% off at http://nebula.tv/jetlag

Listen to the Nebula-exclusive Layover podcast now: https://nebula.tv/thelayover

Our other channels:
Wendover Productions - https://nebula.tv/wendover
Half as Interesting - https://nebula.tv/hai

Follow us on Twitter: http://twitter.com/wendoverpro

Created by Adam Chase, Sam Denby, and Ben Doyle
Guest starring Michelle Khare
Editing by Adam Chase, Ben Doyle, Jack MacColl, Henry Ariza, Tyson Kroening
Supervising Producer Graham Haerther
Motion Graphics by Lili Pereira, João Pessegueiro, Dom Burgess, Elise Heersink, Derek Brown
Audio by Manni Simon, Donovan Bullen
Additional Game Design by Amy Muller
Artwork by Simon Buckmaster

Map data from OpenStreetMap: https://www.openstreetmap.org/copyright",NFPQW7gQ6Ho,"Point Barrow, Utqiaġvik, Alaska, USA (2)"
2023-12-20T15:30:04Z,We Raced From USA's Northernmost to Southernmost Town,"Watch episode two of Jet Lag: Arctic Escape right now on Nebula: https://nebula.tv/videos/jetlag-ep-2-we-raced-from-americas-northernmost-to-southernmost-town
Get Nebula for 40% off at http://nebula.tv/jetlag

Get $20 off an annual Nebula subscription by signing up at http://go.nebula.tv/jetlag

Listen to the Nebula-exclusive Layover podcast now: https://nebula.tv/thelayover

Our other channels:
Wendover Productions - https://nebula.tv/wendover
Half as Interesting - https://nebula.tv/hai

Follow us on Twitter: http://twitter.com/wendoverpro

Created by Adam Chase, Sam Denby, and Ben Doyle
Guest starring Michelle Khare
Editing by Adam Chase, Ben Doyle, Jack MacColl, Henry Ariza, Tyson Kroening
Supervising Producer Graham Haerther
Motion Graphics by Lili Pereira, João Pessegueiro, Dom Burgess, Elise Heersink, Derek Brown
Audio by Manni Simon, Donovan Bullen
Additional Game Design by Amy Muller
Artwork by Simon Buckmaster

Map data from OpenStreetMap: https://www.openstreetmap.org/copyright",Qfb9eVgksms,"Kaktovik, Alaska, USA (2)"
2023-12-06T16:19:12Z,Jet Lag Season 8 - Trailer,"Watch Jet Lag first at http://nebula.tv/jetlag

Trailer by Josh Sammons",0c2hgRtGO94,"Empire State Building, New York City, New York, USA (2)"
2023-10-18T14:30:30Z,Finale — We Played a 72 Hour Game of Tag Across Europe (Again),"Watch the season finale right now on Nebula: https://nebula.tv/videos/jetlag-ep-6-we-played-a-72-hour-game-of-tag-across-europe-again
Get $20 off an annual Nebula subscription by signing up at http://go.nebula.tv/jetlag

Listen to the Nebula-exclusive Layover podcast now: https://nebula.tv/thelayover

Our other channels:
Wendover Productions - https://nebula.tv/wendover
Half as Interesting - https://nebula.tv/hai

Follow us on Twitter: http://twitter.com/wendoverpro

Created by Adam Chase, Sam Denby, and Ben Doyle
Editing by Adam Chase, Ben Doyle, Henry Ariza, Tyson Kroening
Supervising Producer Graham Haerther
Motion Graphics by Lili Pereira, João Pessegueiro, Dom Burgess, Elise Heersink, Derek Brown
Audio by Manni Simon, Donovan Bullen
Additional Game Design by Amy Muller
Artwork by Simon Buckmaster

Map data from OpenStreetMap: https://www.openstreetmap.org/copyright",vXthU0h0pOQ,"Schönbrunn Palace, Vienna, Austria (2)"
2023-10-11T14:30:00Z,Ep 5 — We Played a 72 Hour Game of Tag Across Europe (Again),"Watch the season finale right now on Nebula: https://nebula.tv/videos/jetlag-ep-6-we-played-a-72-hour-game-of-tag-across-europe-again
Get $20 off an annual Nebula subscription by signing up at http://go.nebula.tv/jetlag

Listen to the Nebula-exclusive Layover podcast now: https://nebula.tv/thelayover

Our other channels:
Wendover Productions - https://nebula.tv/wendover
Half as Interesting - https://nebula.tv/hai

Follow us on Twitter: http://twitter.com/wendoverpro

Created by Adam Chase, Sam Denby, and Ben Doyle
Editing by Adam Chase, Ben Doyle, Henry Ariza, Tyson Kroening
Supervising Producer Graham Haerther
Motion Graphics by Lili Pereira, João Pessegueiro, Dom Burgess, Elise Heersink, Derek Brown
Audio by Manni Simon, Donovan Bullen
Additional Game Design by Amy Muller
Artwork by Simon Buckmaster
Wes Anderson Guest Edit by Patrick Willems

Map data from OpenStreetMap: https://www.openstreetmap.org/copyright",-EZ2KXl1Xcw,"Louvre Museum, Paris, France (2)"
2023-10-04T14:36:29Z,Ep 4 — We Played a 72 Hour Game of Tag Across Europe (Again),"Watch episode five right now on Nebula: https://nebula.tv/videos/jetlag-ep-5-we-played-a-72-hour-game-of-tag-across-europe-again
Get $20 off an annual Nebula subscription by signing up at http://go.nebula.tv/jetlag

Listen to the Nebula-exclusive Layover podcast now: https://nebula.tv/thelayover

Our other channels:
Wendover Productions - https://nebula.tv/wendover
Half as Interesting - https://nebula.tv/hai

Follow us on Twitter: http://twitter.com/wendoverpro

Created by Adam Chase, Sam Denby, and Ben Doyle
Editing by Adam Chase, Ben Doyle, Henry Ariza, Tyson Kroening
Supervising Producer Graham Haerther
Motion Graphics by Lili Pereira, João Pessegueiro, Dom Burgess, Elise Heersink, Derek Brown
Audio by Manni Simon, Donovan Bullen
Additional Game Design by Amy Muller
Artwork by Simon Buckmaster

Map data from OpenStreetMap: https://www.openstreetmap.org/copyright",fAq_654T_GM,"Red Square, Moscow, Russia (2)"
2023-09-27T14:32:41Z,Ep 3 — We Played a 72 Hour Game of Tag Across Europe (Again),"Watch episode four right now on Nebula: https://nebula.tv/videos/jetlag-ep-4-we-played-a-72-hour-game-of-tag-across-europe-again
Get $20 off an annual Nebula subscription by signing up at http://go.nebula.tv/jetlag

Listen to the Nebula-exclusive Layover podcast now: https://nebula.tv/thelayover

Our other channels:
Wendover Productions - https://nebula.tv/wendover
Half as Interesting - https://nebula.tv/hai

Follow us on Twitter: http://twitter.com/wendoverpro

Created by Adam Chase, Sam Denby, and Ben Doyle
Editing by Adam Chase, Ben Doyle, Henry Ariza, Tyson Kroening
Supervising Producer Graham Haerther
Motion Graphics by Lili Pereira, João Pessegueiro, Dom Burgess, Elise Heersink, Derek Brown
Audio by Manni Simon, Donovan Bullen
Additional Game Design by Amy Muller
Artwork by Simon Buckmaster

Map data from OpenStreetMap: https://www.openstreetmap.org/copyright",jrTIrJmph2A,"Sibelius Monument, Helsinki, Finland (2)"
2023-09-20T14:30:08Z,Ep 2 — We Played a 72 Hour Game of Tag Across Europe (Again),"Watch episode three right now on Nebula: https://nebula.tv/videos/jetlag-ep-3-we-played-a-72-hour-game-of-tag-across-europe-again
Get $20 off an annual Nebula subscription by signing up at http://go.nebula.tv/jetlag

Listen to the Nebula-exclusive Layover podcast now: https://nebula.tv/thelayover

Our other channels:
Wendover Productions - https://nebula.tv/wendover
Half as Interesting - https://nebula.tv/hai

Follow us on Twitter: http://twitter.com/wendoverpro

Created by Adam Chase, Sam Denby, and Ben Doyle
Editing by Adam Chase, Ben Doyle, Henry Ariza, Tyson Kroening
Supervising Producer Graham Haerther
Motion Graphics by Lili Pereira, João Pessegueiro, Dom Burgess, Elise Heersink, Derek Brown
Audio by Manni Simon, Donovan Bullen
Additional Game Design by Amy Muller
Artwork by Simon Buckmaster

Map data from OpenStreetMap: https://www.openstreetmap.org/copyright",PL1FHzZP_nM,"Tivoli Gardens, Copenhagen, Denmark (2)"
2023-09-13T14:30:07Z,We Played a 72 Hour Game of Tag Across Europe (Again),"Watch episode two right now on Nebula: https://nebula.tv/videos/jetlag-ep-2-we-played-a-72-hour-game-of-tag-across-europe-again
Get $20 off an annual Nebula subscription by signing up at http://go.nebula.tv/jetlag

Listen to the Nebula-exclusive Layover podcast now: https://nebula.tv/thelayover

Our other channels:
Wendover Productions - https://nebula.tv/wendover
Half as Interesting - https://nebula.tv/hai

Follow us on Twitter: http://twitter.com/wendoverpro

Created by Adam Chase, Sam Denby, and Ben Doyle
Editing by Adam Chase, Ben Doyle, Henry Ariza, Tyson Kroening
Supervising Producer Graham Haerther
Motion Graphics by Lili Pereira, João Pessegueiro, Dom Burgess, Elise Heersink, Derek Brown
Audio by Manni Simon, Donovan Bullen
Additional Game Design by Amy Muller
Artwork by Simon Buckmaster",IV1dbqcg9bI,"The Little Mermaid Statue, Copenhagen, Denmark (2)"
2023-07-19T15:12:10Z,Ep 7 - Playing a 96 Hr Game Of Capture The Flag Across Japan,"Get $20 off an annual Nebula subscription by signing up at http://go.nebula.tv/jetlag
Listen to the Nebula-exclusive Layover podcast now: https://nebula.tv/thelayover

Listen to the aftershow podcast only on Nebula: https://nebula.tv/thelayover

Our other channels:
Wendover Productions - https://nebula.tv/wendover
Half as Interesting - https://nebula.tv/hai

Follow us on Twitter: http://twitter.com/wendoverpro

Created by Adam Chase, Sam Denby, and Ben Doyle
Featuring Scotty Allen (https://www.youtube.com/@StrangeParts)
Editing by Adam Chase, Ben Doyle, Henry Ariza, Tyson Kroening
Supervising Producer Graham Haerther
Motion Graphics by Lili Pereira, João Pessegueiro, Dom Burgess, Elise Heersink, Derek Brown
Audio by Manni Simon, Donovan Bullen
Additional Game Design by Amy Muller
Artwork by Simon Buckmaster
Chibis by Twitchy Sparrow",cowxr0CqFrw,"Itsukushima Shrine, Hiroshima, Japan (2)"
2023-07-12T14:30:03Z,Ep 6 - Playing a 96 Hr Game Of Capture The Flag Across Japan,"Get $20 off an annual Nebula subscription by signing up at http://go.nebula.tv/jetlag
Watch episode the season finale now at https://nebula.tv/videos/jetlag-ep-7-we-played-a-96hour-game-of-capture-the-flag-across-japan

Listen to the aftershow podcast only on Nebula: https://nebula.tv/thelayover

Our other channels:
Wendover Productions - https://nebula.tv/wendover
Half as Interesting - https://nebula.tv/hai

Follow us on Twitter: http://twitter.com/wendoverpro

Created by Adam Chase, Sam Denby, and Ben Doyle
Featuring Scotty Allen (https://www.youtube.com/@StrangeParts)
Editing by Adam Chase, Ben Doyle, Henry Ariza, Tyson Kroening
Supervising Producer Graham Haerther
Motion Graphics by Lili Pereira, João Pessegueiro, Dom Burgess, Elise Heersink, Derek Brown
Audio by Manni Simon, Donovan Bullen
Additional Game Design by Amy Muller
Artwork by Simon Buckmaster
Chibis by Twitchy Sparrow",7PMpQEdWnYc,"Arashiyama Bamboo Grove, Kyoto, Japan (2)"
2023-07-05T14:48:32Z,Ep 5 - Playing a 96 Hr Game Of Capture The Flag Across Japan,"Get $20 off an annual Nebula subscription by signing up at http://go.nebula.tv/jetlag
Watch episode three now at https://nebula.tv/videos/jetlag-ep-6-we-played-a-96hour-game-of-capture-the-flag-across-japan

Listen to the aftershow podcast only on Nebula: https://nebula.tv/thelayover

Our other channels:
Wendover Productions - https://nebula.tv/wendover
Half as Interesting - https://nebula.tv/hai

Follow us on Twitter: http://twitter.com/wendoverpro

Created by Adam Chase, Sam Denby, and Ben Doyle
Featuring Scotty Allen (https://www.youtube.com/@StrangeParts)
Editing by Adam Chase, Ben Doyle, Henry Ariza, Tyson Kroening
Supervising Producer Graham Haerther
Motion Graphics by Lili Pereira, João Pessegueiro, Dom Burgess, Elise Heersink, Derek Brown
Audio by Manni Simon, Donovan Bullen
Artwork by Simon Buckmaster
Additional Game Design by Amy Muller
Chibis by Twitchy Sparrow",URwX2L0twZs,"Kiyomizu-dera, Kyoto, Japan (2)"
2023-06-28T14:31:05Z,Ep 4 - Playing a 96 Hr Game Of Capture The Flag Across Japan,"Get $20 off an annual Nebula subscription by signing up at http://go.nebula.tv/jetlag
Watch episode three now at https://nebula.tv/videos/jetlag-ep-5-we-played-a-96hour-game-of-capture-the-flag-across-japan

Listen to the aftershow podcast only on Nebula: https://nebula.tv/thelayover

Our other channels:
Wendover Productions - https://nebula.tv/wendover
Half as Interesting - https://nebula.tv/hai

Follow us on Twitter: http://twitter.com/wendoverpro

Created by Adam Chase, Sam Denby, and Ben Doyle
Featuring Scotty Allen (https://www.youtube.com/@StrangeParts)
Editing by Adam Chase, Ben Doyle, Henry Ariza, Tyson Kroening
Supervising Producer Graham Haerther
Motion Graphics by Lili Pereira, João Pessegueiro, Dom Burgess, Elise Heersink, Derek Brown
Audio by Manni Simon, Donovan Bullen
Artwork by Simon Buckmaster
Additional Game Design by Amy Muller
Chibis by Twitchy Sparrow",psV10AE_znY,"Yoyogi Park, Tokyo, Japan (2)"
2023-06-21T14:30:03Z,Ep 3 - Playing a 96 Hr Game Of Capture The Flag Across Japan,"Get $20 off an annual Nebula subscription by signing up at http://go.nebula.tv/jetlag
Watch episode three now at https://nebula.tv/videos/jetlag-ep-4-we-played-a-96hour-game-of-capture-the-flag-across-japan

Listen to the aftershow podcast only on Nebula: https://nebula.tv/thelayover

Our other channels:
Wendover Productions - https://nebula.tv/wendover
Half as Interesting - https://nebula.tv/hai

Follow us on Twitter: http://twitter.com/wendoverpro

Created by Adam Chase, Sam Denby, and Ben Doyle
Featuring Scotty Allen (https://www.youtube.com/@StrangeParts)
Editing by Adam Chase, Ben Doyle, Henry Ariza, Tyson Kroening
Supervising Producer Graham Haerther
Motion Graphics by Lili Pereira, João Pessegueiro, Dom Burgess, Elise Heersink, Derek Brown
Audio by Manni Simon, Donovan Bullen
Artwork by Simon Buckmaster
Additional Game Design by Amy Muller
Chibis by Twitchy Sparrow",7S54BYznHi8,"Nara Park, Nara, Japan (2)"
2023-06-14T15:06:01Z,Ep 2 - Playing a 96 Hr Game Of Capture The Flag Across Japan,"Get $20 off an annual Nebula subscription by signing up at http://go.nebula.tv/jetlag
Watch episode three now at https://nebula.tv/videos/jetlag-ep-3-we-played-a-96hour-game-of-capture-the-flag-across-japan

Listen to the aftershow podcast only on Nebula: https://nebula.tv/thelayover

Our other channels:
Wendover Productions - https://nebula.tv/wendover
Half as Interesting - https://nebula.tv/hai

Follow us on Twitter: http://twitter.com/wendoverpro

Created by Adam Chase, Sam Denby, and Ben Doyle
Featuring Scotty Allen (https://www.youtube.com/@StrangeParts)
Editing by Adam Chase, Ben Doyle, Henry Ariza, Tyson Kroening
Supervising Producer Graham Haerther
Motion Graphics by Lili Pereira, João Pessegueiro, Dom Burgess, Elise Heersink, Derek Brown
Audio by Manni Simon, Donovan Bullen
Artwork by Simon Buckmaster
Additional Game Design by Amy Muller
Chibis by Twitchy Sparrow",jlF5DOnlosE,"Osaka Aquarium Kaiyukan, Osaka, Japan (2)"
2023-06-07T14:30:03Z,We Played A 96 Hour Game Of Capture The Flag Across Japan,"Get $20 off an annual Nebula subscription by signing up at http://go.nebula.tv/jetlag
Watch episode two now at https://nebula.tv/videos/jetlag-ep-2-we-played-a-96hour-game-of-capture-the-flag-across-japan

Listen to the aftershow podcast only on Nebula: https://nebula.tv/thelayover

Our other channels:
Wendover Productions - https://nebula.tv/wendover
Half as Interesting - https://nebula.tv/hai

Follow us on Twitter: http://twitter.com/wendoverpro

Created by Adam Chase, Sam Denby, and Ben Doyle
Featuring Scotty Allen (https://www.youtube.com/@StrangeParts)
Editing by Adam Chase, Ben Doyle, Henry Ariza, Tyson Kroening
Supervising Producer Graham Haerther
Motion Graphics by Lili Pereira, João Pessegueiro, Dom Burgess, Elise Heersink, Derek Brown
Audio by Manni Simon, Donovan Bullen
Artwork by Simon Buckmaster
Additional Game Design by Amy Muller
Chibis by Twitchy Sparrow",8ZM_hPF1hsY,"Meiji Shrine, Tokyo, Japan (2)"
2023-04-26T14:30:02Z,Ep 8 - We Turned New Zealand Into a Real-Life Board Game,"Get $20 off an annual Nebula subscription by signing up at http://go.nebula.tv/jetlag

Listen to the aftershow podcast only on Nebula: https://nebula.tv/thelayover

Our other channels:
Wendover Productions - https://nebula.tv/wendover
Half as Interesting - https://nebula.tv/hai

Follow us on Twitter: http://twitter.com/wendoverpro

Created by Adam Chase, Sam Denby, and Ben Doyle
Featuring Toby Hendy (@tibees )
Editing by Adam Chase, Ben Doyle, Henry Ariza
Motion Graphics by Lili Pereira, Dom Burgess , João Pessegueiro, Parker Simmons, Derek Brown, Elise Heersink, Sara Stoltman, Max Moser
Audio by Manni Simon, Donovan Bullen
Supervising Producer Graham Haerther
Artwork by Simon Buckmaster",35GVK6iOnbY,"Sky Tower, Auckland, New Zealand (2)"
2023-04-19T14:30:05Z,Ep 7 - We Turned New Zealand Into a Real-Life Board Game,"Watch the finale of Jet Lag right now on Nebula: https://nebula.tv/videos/jetlag-ep-8-we-turned-new-zealand-into-a-giant-reallife-board-game
Get $20 off an annual Nebula subscription by signing up at http://go.nebula.tv/jetlag

Listen to the aftershow podcast only on Nebula: https://nebula.tv/thelayover

Our other channels:
Wendover Productions - https://nebula.tv/wendover
Half as Interesting - https://nebula.tv/hai

Follow us on Twitter: http://twitter.com/wendoverpro

Created by Adam Chase, Sam Denby, and Ben Doyle
Featuring Toby Hendy (@tibees )
Editing by Adam Chase, Ben Doyle, Henry Ariza
Motion Graphics by Lili Pereira, Dom Burgess , João Pessegueiro, Parker Simmons, Derek Brown, Elise Heersink, Sara Stoltman, Max Moser
Audio by Manni Simon, Donovan Bullen
Supervising Producer Graham Haerther
Artwork by Simon Buckmaster",7o7QkGmO-fg,"Hobbiton, Matamata, New Zealand (2)"
2023-04-12T14:30:15Z,Ep 6 - We Turned New Zealand Into a Real-Life Board Game,"Watch the next episode of Jet Lag right now on Nebula: https://nebula.tv/videos/jetlag-ep-7-we-turned-new-zealand-into-a-giant-reallife-board-game
Get $20 off an annual Nebula subscription by signing up at http://go.nebula.tv/jetlag

Listen to the aftershow podcast only on Nebula: https://nebula.tv/thelayover

Our other channels:
Wendover Productions - https://nebula.tv/wendover
Half as Interesting - https://nebula.tv/hai

Follow us on Twitter: http://twitter.com/wendoverpro

Created by Adam Chase, Sam Denby, and Ben Doyle
Featuring Toby Hendy (@tibees )
Editing by Adam Chase, Ben Doyle, Henry Ariza
Motion Graphics by Lili Pereira, Dom Burgess , João Pessegueiro, Parker Simmons, Derek Brown, Elise Heersink, Sara Stoltman, Max Moser
Audio by Manni Simon, Donovan Bullen
Supervising Producer Graham Haerther
Artwork by Simon Buckmaster",nfRlal2bTqI,"Mount Cook, Canterbury, New Zealand (2)"
2023-04-05T14:34:37Z,Ep 5 - We Turned New Zealand Into a Real-Life Board Game,"Sign up for a lifetime Nebula subscription for a limited time at http://go.nebula.tv/lifetime?ref=jetlag

Watch the next episode of Jet Lag right now on Nebula: https://nebula.tv/videos/jetlag-ep-6-we-turned-new-zealand-into-a-giant-reallife-board-game
Get $20 off an annual Nebula subscription by signing up at http://go.nebula.tv/jetlag

Listen to the aftershow podcast only on Nebula: https://nebula.tv/thelayover

Our other channels:
Wendover Productions - https://nebula.tv/wendover
Half as Interesting - https://nebula.tv/hai

Follow us on Twitter: http://twitter.com/wendoverpro

Created by Adam Chase, Sam Denby, and Ben Doyle
Featuring Toby Hendy (@tibees )
Editing by Adam Chase, Ben Doyle, Henry Ariza
Motion Graphics by Lili Pereira, Dom Burgess , João Pessegueiro, Parker Simmons, Derek Brown, Elise Heersink, Sara Stoltman, Max Moser
Audio by Manni Simon, Donovan Bullen
Supervising Producer Graham Haerther
Artwork by Simon Buckmaster",8FMN7zHB5BA,"Waitomo Glowworm Caves, Waitomo, New Zealand (2)"
2023-03-29T14:31:00Z,Ep 4 - We Turned New Zealand Into a Real-Life Board Game,"Watch the next episode of Jet Lag right now on Nebula: https://nebula.tv/videos/jetlag-ep-5-we-turned-new-zealand-into-a-giant-reallife-board-game
Get $20 off an annual Nebula subscription by signing up at http://go.nebula.tv/jetlag

Listen to the aftershow podcast only on Nebula: https://nebula.tv/thelayover

Our other channels:
Wendover Productions - https://nebula.tv/wendover
Half as Interesting - https://nebula.tv/hai

Follow us on Twitter: http://twitter.com/wendoverpro

Created by Adam Chase, Sam Denby, and Ben Doyle
Featuring Toby Hendy (@tibees)
Editing by Adam Chase, Ben Doyle, Henry Ariza
Motion Graphics by Lili Pereira, Dom Burgess , João Pessegueiro, Parker Simmons, Derek Brown, Elise Heersink, Sara Stoltman, Max Moser
Audio by Manni Simon, Donovan Bullen
Supervising Producer Graham Haerther
Artwork by Simon Buckmaster",ZBgUP81d-GA,"Milford Sound, Fiordland, New Zealand (2)"
2023-03-22T15:00:23Z,Ep 3 - We Turned New Zealand Into a Real-Life Board Game,"Watch the next episode of Jet Lag right now on Nebula: https://nebula.tv/videos/jetlag-ep-4-we-turned-new-zealand-into-a-giant-reallife-board-game
Get $20 off an annual Nebula subscription by signing up at http://go.nebula.tv/jetlag

Listen to the aftershow podcast only on Nebula: https://nebula.tv/thelayover

Our other channels:
Wendover Productions - https://nebula.tv/wendover
Half as Interesting - https://nebula.tv/hai

Follow us on Twitter: http://twitter.com/wendoverpro

Created by Adam Chase, Sam Denby, and Ben Doyle
Featuring Toby Hendy (@tibees)
Editing by Adam Chase, Ben Doyle, Henry Ariza
Motion Graphics by Lili Pereira, Dom Burgess , João Pessegueiro, Parker Simmons, Derek Brown, Elise Heersink, Sara Stoltman, Max Moser
Audio by Manni Simon, Donovan Bullen
Supervising Producer Graham Haerther
Artwork by Simon Buckmaster",C30lQzcEhx0,"Mount Taranaki, New Plymouth, New Zealand (2)"
2023-03-15T14:31:05Z,Ep 2 - We Turned New Zealand Into a Real-Life Board Game,"Watch the next episode of Jet Lag right now on Nebula: https://nebula.tv/videos/jetlag-ep-3-we-turned-new-zealand-into-a-giant-reallife-board-game
Get $20 off an annual Nebula subscription by signing up at http://go.nebula.tv/jetlag

Listen to the aftershow podcast only on Nebula: https://nebula.tv/thelayover

Our other channels:
Wendover Productions - https://nebula.tv/wendover
Half as Interesting - https://nebula.tv/hai

Follow us on Twitter: http://twitter.com/wendoverpro

Created by Adam Chase, Sam Denby, and Ben Doyle
Featuring Toby Hendy (@tibees )
Editing by Adam Chase, Ben Doyle, Henry Ariza
Motion Graphics by Lili Pereira, Dom Burgess , João Pessegueiro, Parker Simmons, Derek Brown, Elise Heersink, Sara Stoltman, Max Moser
Audio by Manni Simon, Donovan Bullen
Supervising Producer Graham Haerther
Artwork by Simon Buckmaster",hfOy7pb0xXk,"Te Papa Tongarewa, Wellington, New Zealand (2)"
2023-03-08T15:32:23Z,We Turned New Zealand Into a Real-Life Board Game,"Watch the next episode of Jet Lag right now on Nebula: https://nebula.tv/videos/jetlag-ep-2-we-turned-new-zealand-into-a-giant-reallife-board-game
Get $20 off an annual Nebula subscription by signing up at http://go.nebula.tv/jetlag

Listen to the aftershow podcast only on Nebula: https://nebula.tv/thelayover

Our other channels:
Wendover Productions - https://nebula.tv/wendover
Half as Interesting - https://nebula.tv/hai

Follow us on Twitter: http://twitter.com/wendoverpro

Created by Adam Chase, Sam Denby, and Ben Doyle
Featuring Toby Hendy ( @tibees )
Editing by Adam Chase, Ben Doyle, Henry Ariza
Motion Graphics by Lili Pereira, Dom Burgess , João Pessegueiro, Parker Simmons, Derek Brown, Elise Heersink, Sara Stoltman, Max Moser
Audio by Manni Simon, Donovan Bullen
Supervising Producer Graham Haerther
Artwork by Simon Buckmaster",LxLgmsmvXOE,"Franz Josef Glacier, Westland Tai Poutini National Park, New Zealand (2)"
2023-01-11T16:43:06Z,We Raced To Visit The Most US States In 100 Hrs - Finale,"Watch the after show for this season of Jet Lag right now on Nebula: 
https://nebula.tv/videos/jetlag-jet-lag-the-layover-season-4
Get $20 off an annual Nebula subscription by signing up at http://go.nebula.tv/jetlag

This season, follow Adam and Ben versus Sam and Brian as they travel across the country competing for control over the most US states. They’ll have 4 days to travel to as many states as possible, complete challenges from their deck, and desperately try to defend their territory from this season’s newest twist: battles.

Our other channels:
Wendover Productions - http://youtube.com/wendoverproductions
Half as Interesting - http://youtube.com/halfasinteresting

Follow us on Twitter: http://twitter.com/wendoverpro

Created by Adam Chase, Sam Denby, and Ben Doyle
Editing by Adam Chase, Ben Doyle, Henry Ariza, Ryan Alva
Motion Graphics by Lili Pereira, Max Moser, Josh Sherrington, Maddy Haynes, Sara Stoltman, Aelee Vang, Derek Brown, Mikaila Blackburn, Neel Sawant, Parker Simmons
Audio by Manni Simon, Donovan Bullen
Supervising Producer Graham Haerther
Artwork by Simon Buckmaster

The production has offset 10x its estimated carbon impact through The Wren climate portfolio: https://www.wren.co/profile/wendoverproductions",RnSUaZEwYq4,"Statue of Liberty, New York City, New York, USA (2)"
2023-01-04T15:30:12Z,We Raced To Visit The Most US States In 100 Hrs - Day 4,"Watch the next episode of Jet Lag right now on Nebula: 
https://nebula.tv/videos/jetlag-ep-5-we-raced-to-visit-the-most-us-states-in-100-hours
Get $20 off an annual Nebula subscription by signing up at http://go.nebula.tv/jetlag

This season, follow Adam and Ben versus Sam and Brian as they travel across the country competing for control over the most US states. They’ll have 4 days to travel to as many states as possible, complete challenges from their deck, and desperately try to defend their territory from this season’s newest twist: battles.

Our other channels:
Wendover Productions - http://youtube.com/wendoverproductions
Half as Interesting - http://youtube.com/halfasinteresting

Follow us on Twitter: http://twitter.com/wendoverpro

Created by Adam Chase, Sam Denby, and Ben Doyle
Editing by Adam Chase, Ben Doyle, Henry Ariza, Ryan Alva
Motion Graphics by Lili Pereira, Max Moser, Josh Sherrington, Maddy Haynes, Sara Stoltman, Aelee Vang, Derek Brown, Mikaila Blackburn, Neel Sawant, Parker Simmons
Audio by Manni Simon, Donovan Bullen
Supervising Producer Graham Haerther
Artwork by Simon Buckmaster

The production has offset 10x its estimated carbon impact through The Wren climate portfolio: https://www.wren.co/profile/wendoverproductions",2NPGrKItt3E,"Washington Monument, Washington, D.C., USA (2)"
2022-12-28T15:31:33Z,We Raced To Visit The Most US States In 100 Hrs - Day 3,"Watch the next episode of Jet Lag right now on Nebula: 
https://nebula.tv/videos/jetlag-ep-4-we-raced-to-visit-the-most-us-states-in-100-hours
Get $20 off an annual Nebula subscription by signing up at http://go.nebula.tv/jetlag

This season, follow Adam and Ben versus Sam and Brian as they travel across the country competing for control over the most US states. They’ll have 4 days to travel to as many states as possible, complete challenges from their deck, and desperately try to defend their territory from this season’s newest twist: battles.

Our other channels:
Wendover Productions - http://youtube.com/wendoverproductions
Half as Interesting - http://youtube.com/halfasinteresting

Follow us on Twitter: http://twitter.com/wendoverpro

Created by Adam Chase, Sam Denby, and Ben Doyle
Editing by Adam Chase, Ben Doyle, Henry Ariza, Ryan Alva
Motion Graphics by Lili Pereira, Max Moser, Josh Sherrington, Maddy Haynes, Sara Stoltman, Aelee Vang, Derek Brown, Mikaila Blackburn, Neel Sawant, Parker Simmons
Audio by Manni Simon, Donovan Bullen
Supervising Producer Graham Haerther
Artwork by Simon Buckmaster

The production has offset 10x its estimated carbon impact through The Wren climate portfolio: https://www.wren.co/profile/wendoverproductions",qXJ0FRHHEZI,"Gateway Arch, St. Louis, Missouri, USA (2)"
2022-12-21T15:44:03Z,We Raced To Visit The Most US States In 100 Hrs - Day 2,"Watch the next episode of Jet Lag right now on Nebula: https://nebula.tv/videos/jetlag-ep-3-we-raced-to-visit-the-most-us-states-in-100-hours
Get $20 off an annual Nebula subscription by signing up at http://go.nebula.tv/jetlag

This season, follow Adam and Ben versus Sam and Brian as they travel across the country competing for control over the most US states. They’ll have 4 days to travel to as many states as possible, complete challenges from their deck, and desperately try to defend their territory from this season’s newest twist: battles.

Our other channels:
Wendover Productions - http://youtube.com/wendoverproductions
Half as Interesting - http://youtube.com/halfasinteresting

Follow us on Twitter: http://twitter.com/wendoverpro

Created by Adam Chase, Sam Denby, and Ben Doyle
Editing by Adam Chase, Ben Doyle, Henry Ariza, Ryan Alva
Motion Graphics by Lili Pereira, Max Moser, Josh Sherrington, Maddy Haynes, Sara Stoltman, Aelee Vang, Derek Brown, Mikaila Blackburn, Neel Sawant, Parker Simmons
Audio by Manni Simon, Donovan Bullen
Supervising Producer Graham Haerther
Artwork by Simon Buckmaster

The production has offset 10x its estimated carbon impact through The Wren climate portfolio: https://www.wren.co/profile/wendoverproductions",idiCtICGlCA,"White House, Washington, D.C., USA (2)"
2022-12-14T15:31:16Z,We Raced To Visit The Most US States In 100 Hours,"Watch the next episode of Jet Lag right now on Nebula: https://nebula.tv/videos/jetlag-ep-2-we-raced-to-visit-the-most-us-states-in-100-hours
Get $20 off an annual Nebula subscription by signing up at http://go.nebula.tv/jetlag

This season, follow Adam and Ben versus Sam and Brian as they travel across the country competing for control over the most US states. They’ll have 4 days to travel to as many states as possible, complete challenges from their deck, and desperately try to defend their territory from this season’s newest twist: battles.

Our other channels:
Wendover Productions - http://youtube.com/wendoverproductions
Half as Interesting - http://youtube.com/halfasinteresting

Follow us on Twitter: http://twitter.com/wendoverpro

Created by Adam Chase, Sam Denby, and Ben Doyle
Editing by Adam Chase, Ben Doyle, Henry Ariza, Ryan Alva
Motion Graphics by Lili Pereira, Max Moser, Josh Sherrington, Maddy Haynes, Sara Stoltman, Aelee Vang, Derek Brown, Mikaila Blackburn, Neel Sawant, Parker Simmons
Audio by Manni Simon, Donovan Bullen
Supervising Producer Graham Haerther
Artwork by Simon Buckmaster

The production has offset 10x its estimated carbon impact through The Wren climate portfolio: https://www.wren.co/profile/wendoverproductions",E0ejkkFT3V0,"Golden Gate Bridge, San Francisco, California, USA (2)"
2022-10-26T15:13:29Z,Playing A 72 Hr Game of Tag Across Europe - Finale,"Watch the next episode of Jet Lag right now on Nebula: https://nebula.tv/videos/jetlag-ep-8-the-layover-we-played-tag-across-europe
Get $20 off an annual Nebula subscription by signing up at http://go.nebula.tv/jetlag

Our other channels:
Wendover Productions - http://youtube.com/wendoverproductions
Half as Interesting - http://youtube.com/halfasinteresting

Follow us on Twitter: http://twitter.com/wendoverpro

Created by Adam Chase, Sam Denby, and Ben Doyle
Edited by Adam Chase, Ben Doyle, Henry Ariza
Motion graphics by Lili Pereira, Dom Burgess, Max Moser
Audio by Graham Haerther, Donovan Bullen, Henry Ariza
Artwork by Simon Buckmaster

The production has offset 10x its estimated carbon impact through a cookstove replacement program in China certified by the Gold Standard: https://registry.goldstandard.org/cre...",g275afit9l0,"Reichstag Building, Berlin, Germany (2)"
2022-10-19T14:33:12Z,Playing a 72 Hr Game of Tag Across Europe - Ep 6,"Watch the next episode of Jet Lag right now on Nebula: https://nebula.tv/videos/jetlag-ep-7-we-played-tag-across-europe
Get $20 off an annual Nebula subscription by signing up at http://go.nebula.tv/jetlag

Our other channels:
Wendover Productions - http://youtube.com/wendoverproductions
Half as Interesting - http://youtube.com/halfasinteresting

Follow us on Twitter: http://twitter.com/wendoverpro

Created by Adam Chase, Sam Denby, and Ben Doyle
Edited by Adam Chase, Ben Doyle, Henry Ariza
Motion graphics by Lili Pereira, Dom Burgess, Max Moser
Audio by Graham Haerther, Donovan Bullen, Henry Ariza
Artwork by Simon Buckmaster

The production has offset 10x its estimated carbon impact through a cookstove replacement program in China certified by the Gold Standard: https://registry.goldstandard.org/credit-blocks/details/279220",T_WEYOMDT2I,"Edinburgh Castle, Edinburgh, Scotland, United Kingdom (2)"
2022-10-12T16:00:33Z,Playing a 72 Hr Game of Tag Across Europe - Ep 5,"Watch the next episode of Jet Lag right now on Nebula: https://nebula.tv/videos/jetlag-ep-6-we-played-tag-across-europe
Get $20 off an annual Nebula subscription by signing up at http://go.nebula.tv/jetlag

Our other channels:
Wendover Productions - http://youtube.com/wendoverproductions
Half as Interesting - http://youtube.com/halfasinteresting

Follow us on Twitter: http://twitter.com/wendoverpro

Created by Adam Chase, Sam Denby, and Ben Doyle
Edited by Adam Chase, Ben Doyle, Henry Ariza
Motion graphics by Lili Pereira, Dom Burgess, Max Moser
Audio by Graham Haerther, Donovan Bullen, Henry Ariza
Artwork by Simon Buckmaster

The production has offset 10x its estimated carbon impact through a cookstove replacement program in China certified by the Gold Standard: https://registry.goldstandard.org/credit-blocks/details/279220",Dpinb2tunls,"Charles Bridge, Prague, Czech Republic (2)"
2022-10-05T16:11:59Z,Playing a 72 Hr Game of Tag Across Europe - Ep 4,"Watch the next episode of Jet Lag right now on Nebula: https://nebula.tv/videos/hai-ep-5-we-played-tag-across-europe
Get $20 off an annual Nebula subscription by signing up at http://go.nebula.tv/jetlag

Our other channels:
Wendover Productions - http://youtube.com/wendoverproductions
Half as Interesting - http://youtube.com/halfasinteresting

Follow us on Twitter: http://twitter.com/wendoverpro

Created by Adam Chase, Sam Denby, and Ben Doyle
Edited by Adam Chase, Ben Doyle, Henry Ariza
Motion graphics by Lili Pereira, Dom Burgess, Max Moser
Audio by Graham Haerther, Donovan Bullen, Henry Ariza
Artwork by Simon Buckmaster

The production has offset 10x its estimated carbon impact through a cookstove replacement program in China certified by the Gold Standard: https://registry.goldstandard.org/credit-blocks/details/279220",LBxeKFuGxJA,"Trevi Fountain, Rome, Italy (2)"
2022-09-28T14:31:18Z,Playing a 72 Hr Game of Tag Across Europe - Ep 3,"Watch the next episode of Jet Lag right now on Nebula: https://nebula.tv/videos/jetlag-ep-4-we-played-tag-across-europe
Get $20 off an annual Nebula subscription by signing up at http://go.nebula.tv/jetlag

Our other channels:
Wendover Productions - http://youtube.com/wendoverproductions
Half as Interesting - http://youtube.com/halfasinteresting

Follow us on Twitter: http://twitter.com/wendoverpro

Created by Adam Chase, Sam Denby, and Ben Doyle
Edited by Adam Chase, Ben Doyle, Henry Ariza
Motion graphics by Lili Pereira, Dom Burgess, Max Moser
Audio by Graham Haerther, Donovan Bullen, Henry Ariza
Artwork by Simon Buckmaster

The production has offset 10x its estimated carbon impact through a cookstove replacement program in China certified by the Gold Standard: https://registry.goldstandard.org/credit-blocks/details/292911",i5QIazhw2Ns,"St. Mark's Basilica, Venice, Italy (2)"
2022-09-21T15:53:17Z,Playing A 72 Hr Game of Tag Across Europe - Ep 2,"Watch the next episode of Jet Lag right now on Nebula: https://nebula.tv/videos/jetlag-ep-3-we-played-tag-across-europe
Get $20 off an annual Nebula subscription by signing up at http://go.nebula.tv/jetlag

Our other channels:
Wendover Productions - http://youtube.com/wendoverproductions
Half as Interesting - http://youtube.com/halfasinteresting

Follow us on Twitter: http://twitter.com/wendoverpro

Created by Adam Chase, Sam Denby, and Ben Doyle
Edited by Adam Chase, Ben Doyle, Henry Ariza
Motion graphics by Lili Pereira, Dom Burgess, Max Moser
Audio by Graham Haerther, Donovan Bullen, Henry Ariza
Artwork by Simon Buckmaster

The production has offset 10x its estimated carbon impact through a cookstove replacement program in China certified by the Gold Standard: https://registry.goldstandard.org/credit-blocks/details/292911",K9XZCJCAyOE,"Brandenburg Gate, Leipzig, Germany (2)"
2022-09-14T15:09:48Z,We Played a 72 Hour Game of Tag Across Europe,"Watch the next episode of Jet Lag right now on Nebula: https://nebula.app/videos/jetlag-ep-2-we-played-tag-across-europe
Get $20 off an annual Nebula subscription by signing up at http://go.nebula.tv/jetlag

Our other channels:
Wendover Productions - http://youtube.com/wendoverproductions
Half as Interesting - http://youtube.com/halfasinteresting

Follow us on Twitter: http://twitter.com/wendoverpro

Created by Adam Chase, Sam Denby, and Ben Doyle
Edited by Adam Chase, Ben Doyle, Henry Ariza
Motion graphics by Lili Pereira, Dom Burgess, Max Moser
Audio by Graham Haerther, Donovan Bullen, Henry Ariza
Artwork by Simon Buckmaster

The production has offset 10x its estimated carbon impact through a cookstove replacement program in China certified by the Gold Standard: https://registry.goldstandard.org/credit-blocks/details/279220",q2tJqO6nCSc,"Treptower Park, Berlin, Germany (2)"
2022-08-03T19:16:32Z,Day 5 - We Raced To Circumnavigate the Globe in 100 Hours,"Get $20 off an annual Nebula subscription by signing up at http://go.nebula.tv/jetlag

View this season's challenges here: https://docs.google.com/document/d/1IFFhsZEsGqep2R5RUj9p0Q3eT2ZAJJYGLQci-1F5BOM/edit?usp=sharing

Our other channels:
Wendover Productions - http://youtube.com/wendoverproductions
Half as Interesting - http://youtube.com/halfasinteresting

Follow us on Twitter: http://twitter.com/wendoverpro

Created by Adam Chase, Sam Denby, and Ben Doyle
Editing by Adam Chase, Ben Doyle, Alexander Williard
Motion graphics by Lili Pereira, Dom Burgess, Max Moser
Audio by Graham Haerther, Donovan Bullen, Henry Ariza
Artwork by Simon Buckmaster

The production has offset 10x its estimated carbon impact through a cookstove replacement program in China certified by the Gold Standard: https://registry.goldstandard.org/credit-blocks/details/279220",uXmnxhYQ_Iw,"Burj Khalifa, Dubai, United Arab Emirates (2)"
2022-07-27T18:00:02Z,Day 4 - We Raced To Circumnavigate the Globe in 100 Hours,"Get $20 off an annual Nebula subscription by signing up at http://go.nebula.tv/jetlag

View this season's challenges here: https://docs.google.com/document/d/1IFFhsZEsGqep2R5RUj9p0Q3eT2ZAJJYGLQci-1F5BOM/edit?usp=sharing

Our other channels:
Wendover Productions - http://youtube.com/wendoverproductions
Half as Interesting - http://youtube.com/halfasinteresting

Follow us on Twitter: http://twitter.com/wendoverpro

Created by Adam Chase, Sam Denby, and Ben Doyle
Editing by Adam Chase, Ben Doyle, Alexander Williard
Motion graphics by Lili Pereira, Dom Burgess, Max Moser
Audio by Graham Haerther, Donovan Bullen, Henry Ariza
Artwork by Simon Buckmaster

The production has offset 10x its estimated carbon impact through a cookstove replacement program in China certified by the Gold Standard: https://registry.goldstandard.org/credit-blocks/details/279220",20y1H6eGHuY,"Christ the Redeemer, Rio de Janeiro, Brazil (2)"
2022-07-20T15:48:25Z,Day 3 - We Raced To Circumnavigate the Globe in 100 Hours,"Get $20 off an annual Nebula subscription by signing up at http://go.nebula.tv/jetlag

View this season's challenges here: https://docs.google.com/document/d/1IFFhsZEsGqep2R5RUj9p0Q3eT2ZAJJYGLQci-1F5BOM/edit?usp=sharing

Our other channels:
Wendover Productions - http://youtube.com/wendoverproductions
Half as Interesting - http://youtube.com/halfasinteresting

Follow us on Twitter: http://twitter.com/wendoverpro

Created by Adam Chase, Sam Denby, and Ben Doyle
Editing by Adam Chase, Ben Doyle, Alexander Williard
Motion graphics by Lili Pereira, Dom Burgess, Max Moser
Audio by Graham Haerther, Donovan Bullen, Henry Ariza
Artwork by Simon Buckmaster

The production has offset 10x its estimated carbon impact through a cookstove replacement program in China certified by the Gold Standard: https://registry.goldstandard.org/credit-blocks/details/279220",Do9eV2zHtiA,"Petra, Ma'an Governorate, Jordan (2)"
2022-07-13T16:14:12Z,Day 2 - We Raced To Circumnavigate The Globe In 100 Hours,"Get $20 off an annual Nebula subscription by signing up at http://go.nebula.tv/jetlag

View this season's challenges here: https://docs.google.com/document/d/1IFFhsZEsGqep2R5RUj9p0Q3eT2ZAJJYGLQci-1F5BOM/edit?usp=sharing

Our other channels:
Wendover Productions - http://youtube.com/wendoverproductions
Half as Interesting - http://youtube.com/halfasinteresting

Follow us on Twitter: http://twitter.com/wendoverpro

Created by Adam Chase, Sam Denby, and Ben Doyle
Editing by Adam Chase, Ben Doyle, Alexander Williard
Motion graphics by Lili Pereira, Dom Burgess, Max Moser
Audio by Graham Haerther, Donovan Bullen, Henry Ariza
Artwork by Simon Buckmaster

The production has offset 10x its estimated carbon impact through a cookstove replacement program in China certified by the Gold Standard: https://registry.goldstandard.org/credit-blocks/details/279220",tq7KarjTwTA,"Pyramids of Giza, Giza, Egypt (2)"
2022-07-06T16:32:58Z,We Raced To Circumnavigate The Globe In 100 Hours,"Get $20 off an annual Nebula subscription by signing up at http://go.nebula.tv/jetlag

View this season's challenges here: https://docs.google.com/document/d/1IFFhsZEsGqep2R5RUj9p0Q3eT2ZAJJYGLQci-1F5BOM/edit?usp=sharing

Our other channels:
Wendover Productions - http://youtube.com/wendoverproductions
Half as Interesting - http://youtube.com/halfasinteresting


Follow us on Twitter: http://twitter.com/wendoverpro


Created by Adam Chase, Sam Denby, and Ben Doyle
Editing by Adam Chase, Ben Doyle, Alexander Williard
Motion graphics by Lili Pereira, Dom Burgess, Max Moser
Audio by Graham Haerther, Donovan Bullen, Henry Ariza
Artwork by Simon Buckmaster


The production has offset 10x its estimated carbon impact through a cookstove replacement program in China certified by the Gold Standard: https://registry.goldstandard.org/credit-blocks/details/279220",Gta43oOV4Ag,"Chichen Itza, Yucatan, Mexico (2)"
2022-06-08T16:18:38Z,Our Flight Got Diverted at the Worst Possible Time - Connect 4 Across America,"Get $20 off an annual Nebula subscription by signing up at http://go.nebula.tv/jetlag

Watch this video ad-free on Nebula: https://nebula.app/videos/jetlag-the-big-strategy-day-connect-4-across-america
Watch the next video ad-free and one week early on Nebula: https://nebula.app/videos/jetlag-finale-connect-4-across-america

Our other channels:
Wendover Productions - http://youtube.com/wendoverproductions
Half as Interesting - http://youtube.com/halfasinteresting

Follow us on Twitter: http://twitter.com/wendoverpro

Created by Adam Chase, Sam Denby, and Ben Doyle
Editing by Adam Chase, Ben Doyle, Alexander Williard
Motion graphics by Lili Pereira, Dom Burgess, Max Moser
Audio by Graham Haerther, Donovan Bullen, Henry Ariza
Artwork by Simon Buckmaster

The production has offset 10x its estimated carbon impact through a cookstove replacement program in Myanmar certified by the Gold Standard: https://registry.goldstandard.org/credit-blocks/details/270890",DSuva0TtdYs,"Hollywood Sign, Los Angeles, California, USA (2)"
2022-06-01T14:59:33Z,"Flying 1,200 Miles to Ruin Our Boss' Plan - Connect 4 Across America","Get $20 off an annual Nebula subscription by signing up at http://go.nebula.tv/jetlag

Watch this video ad-free on Nebula: https://nebula.app/videos/jetlag-the-big-strategy-day-connect-4-across-america
Watch the next video ad-free and one week early on Nebula: https://nebula.app/videos/jetlag-finale-connect-4-across-america

Our other channels:
Wendover Productions - http://youtube.com/wendoverproductions
Half as Interesting - http://youtube.com/halfasinteresting

Follow us on Twitter: http://twitter.com/wendoverpro

Created by Adam Chase, Sam Denby, and Ben Doyle
Editing by Adam Chase, Ben Doyle, Alexander Williard
Motion graphics by Lili Pereira, Dom Burgess, Max Moser
Audio by Graham Haerther, Donovan Bullen, Henry Ariza
Artwork by Simon Buckmaster

The production has offset 10x its estimated carbon impact through a cookstove replacement program in Myanmar certified by the Gold Standard: https://registry.goldstandard.org/credit-blocks/details/270890",LmjcQ9UoBjc,"Space Needle, Seattle, Washington, USA (2)"
2022-05-25T17:56:43Z,We Played Connect 4 by Travelling to Actual US States,"Get $20 off an annual Nebula subscription by signing up at http://go.nebula.tv/jetlag

Watch this video ad-free on Nebula: https://nebula.app/videos/jetlag-we-played-connect-4-by-travelling-to-actual-us-states
Watch the next video ad-free and one week early on Nebula: https://nebula.app/videos/jetlag-the-big-strategy-day-connect-4-across-america

Sam's Instagram: https://www.instagram.com/sam.from.wendover/

Our other channels:
Wendover Productions - http://youtube.com/wendoverproductions
Half as Interesting - http://youtube.com/halfasinteresting

Follow us on Twitter: http://twitter.com/wendoverpro

Created by Adam Chase, Sam Denby, and Ben Doyle
Editing by Adam Chase, Ben Doyle, Alexander Williard
Motion graphics by Lili Pereira, Dom Burgess, Max Moser
Audio by Graham Haerther, Donovan Bullen, Henry Ariza
Artwork by Simon Buckmaster

The production has offset 10x its estimated carbon impact through a cookstove replacement program in Myanmar certified by the Gold Standard: https://registry.goldstandard.org/credit-blocks/details/270890",oZSUxdzgA08,"Times Square, New York City, New York, USA (2)"
