title,description,videoId,location
Ep 3 - We Raced To Visit The Most European Countries In 6 Days,"Watch episode four of Schengen Showdown right now on Nebula: https://nebula.tv/videos/jetlag-ep-4-schengen-showdown
Get Nebula for 40% off at http://nebula.tv/jetlag

Buy the Hide and Seek Home Game: https://store.nebula.tv/collections/recently-added-1/products/hideandseek

Get $20 off an annual Nebula subscription by signing up at http://go.nebula.tv/jetlag
Listen to the Nebula-exclusive Layover podcast now: https://nebula.tv/thelayover
Buy a Jet Lag hat at: https://store.nebula.tv/collections/wendover-productions/products/wendover-jet-lag-logo-hat

Our other channels:
Wendover Productions - https://nebula.tv/wendover
Half as Interesting - https://nebula.tv/hai

Follow us on Twitter: twitter.com/wendoverpro  

Created by Adam Chase, Sam Denby, and Ben Doyle
Featuring Sam Denby, Adam Chase, Ben Doyle, and Tom Scott
Editing by Adam Chase, Ben Doyle, Jack MacColl, Tyson Kroening, Henry Ariza
Executive Producer Sam Denby
Executive Producers Adam Chase, Ben Doyle
Co-Executive Producer Graham Haerther
Supervising Producer Tyson Kroening
Motion Graphics by Lili Pereira, João Pessegueiro, Dom Burgess, Elise Heersink, Sara Stoltman
Audio by Manni Simon, Donovan Bullen
Artwork by Simon Buckmaster
Additional Game Design by Amy Muller

https://registry.goldstandard.org/credit-blocks?q=Gold+Standard+Marketplace+Order+GSM27904+&page=1

Map data from OpenStreetMap: https://www.openstreetmap.org/copyright",dsDy5VAw-xo,"Brandenburg Gate, Berlin, Germany"
Ep 2 - We Raced To Visit The Most European Countries In 6 Days,"Watch episode three of Schengen Showdown right now on Nebula: https://nebula.tv/videos/jetlag-ep-3-schengen-showdown
Get Nebula for 40% off at http://nebula.tv/jetlag

Buy the Hide and Seek Home Game: https://store.nebula.tv/collections/recently-added-1/products/hideandseek

Get $20 off an annual Nebula subscription by signing up at http://go.nebula.tv/jetlag
Listen to the Nebula-exclusive Layover podcast now: https://nebula.tv/thelayover
Buy a Jet Lag hat at: https://store.nebula.tv/collections/wendover-productions/products/wendover-jet-lag-logo-hat

Our other channels:
Wendover Productions - https://nebula.tv/wendover
Half as Interesting - https://nebula.tv/hai

Follow us on Twitter:  twitter.com/wendoverpro  

Created by Adam Chase, Sam Denby, and Ben Doyle
Featuring Sam Denby, Adam Chase, Ben Doyle, and Tom Scott
Editing by Adam Chase, Ben Doyle, Jack MacColl, Tyson Kroening, Henry Ariza
Executive Producer Sam Denby
Executive Producers Adam Chase, Ben Doyle
Co-Executive Producer Graham Haerther
Supervising Producer Tyson Kroening
Motion Graphics by Lili Pereira, João Pessegueiro, Dom Burgess, Elise Heersink, Sara Stoltman
Audio by Manni Simon, Donovan Bullen
Artwork by Simon Buckmaster
Additional Game Design by Amy Muller

https://registry.goldstandard.org/credit-blocks?q=Gold+Standard+Marketplace+Order+GSM27904+&page=1

Map data from OpenStreetMap: https://www.openstreetmap.org/copyright",lSwkoIQLFLo,"Eiffel Tower, Paris, France"
We Raced To Visit The Most European Countries In 6 Days,"Watch episode two of Schengen Showdown right now on Nebula: https://nebula.tv/videos/jetlag-ep-2-schengen-showdown
Get Nebula for 40% off at http://nebula.tv/jetlag

Buy the Hide and Seek Home Game: https://store.nebula.tv/collections/recently-added-1/products/hideandseek

Get $20 off an annual Nebula subscription by signing up at http://go.nebula.tv/jetlag
Listen to the Nebula-exclusive Layover podcast now: https://nebula.tv/thelayover
Buy a Jet Lag hat at: https://store.nebula.tv/collections/wendover-productions/products/wendover-jet-lag-logo-hat

Our other channels:
Wendover Productions - https://nebula.tv/wendover
Half as Interesting - https://nebula.tv/hai

Follow us on Twitter:  twitter.com/wendoverpro  

Created by Adam Chase, Sam Denby, and Ben Doyle
Featuring Sam Denby, Adam Chase, Ben Doyle, and Tom Scott
Editing by Adam Chase, Ben Doyle, Jack MacColl, Tyson Kroening, Henry Ariza
Executive Producer Sam Denby
Executive Producers Adam Chase, Ben Doyle
Co-Executive Producer Graham Haerther
Supervising Producer Tyson Kroening
Motion Graphics by Lili Pereira, João Pessegueiro, Dom Burgess, Elise Heersink, Sara Stoltman
Audio by Manni Simon, Donovan Bullen
Artwork by Simon Buckmaster
Additional Game Design by Amy Muller

Carbon offset via The Gold Standard: https://registry.goldstandard.org/credit-blocks?q=Gold+Standard+Marketplace+Order+GSM27904+&page=1

Map data from OpenStreetMap: https://www.openstreetmap.org/copyright",EJFAw1VRcsA,"Colosseum, Rome, Italy"
Jet Lag: Schengen Showdown [Trailer],"Watch now at http://nebula.tv/jetlag

Premiering on YouTube March 12",3Qyaocw0u3o,"Sagrada Família, Barcelona, Spain"
We Played Hide And Seek Across Japan - Finale,"Buy the Hide and Seek Home Game: https://store.nebula.tv/collections/recently-added-1/products/hideandseek

Get $20 off an annual Nebula subscription by signing up at http://go.nebula.tv/jetlag
Listen to the Nebula-exclusive Layover podcast now: https://nebula.tv/thelayover
Buy a Jet Lag hat at: https://store.nebula.tv/collections/wendover-productions/products/wendover-jet-lag-logo-hat

Our other channels:
Wendover Productions - https://nebula.tv/wendover
Half as Interesting - https://nebula.tv/hai

Follow us on Twitter:  twitter.com/wendoverpro  

Created by Adam Chase, Sam Denby, and Ben Doyle
Featuring Sam Denby, Adam Chase, Ben Doyle
Editing by Adam Chase, Ben Doyle, Jack MacColl, Tyson Kroening, Henry Ariza
Executive Producer Sam Denby
Co-Executive Producer Graham Haerther
Supervising Producer Tyson Kroening
Motion Graphics by Lili Pereira, João Pessegueiro, Dom Burgess, Elise Heersink, Sara Stoltman
Audio by Manni Simon, Donovan Bullen
Artwork by Simon Buckmaster
Additional Game Design by Amy Muller

Map data from OpenStreetMap: https://www.openstreetmap.org/copyright",5UAM-ZKBcZs,"Tokyo Tower, Tokyo, Japan"
We Played Hide And Seek Across Japan - Ep 6,"Watch the finale of Jet Lag: Hide + Seek right now on Nebula: https://nebula.tv/videos/jetlag-ep-7-we-played-hide-and-seek-across-japan
Get Nebula for 40% off at http://nebula.tv/jetlag

Buy the Hide and Seek Home Game: https://store.nebula.tv/collections/recently-added-1/products/hideandseek

Get $20 off an annual Nebula subscription by signing up at http://go.nebula.tv/jetlag
Listen to the Nebula-exclusive Layover podcast now: https://nebula.tv/thelayover
Buy a Jet Lag hat at: https://store.nebula.tv/collections/wendover-productions/products/wendover-jet-lag-logo-hat

Our other channels:
Wendover Productions - https://nebula.tv/wendover
Half as Interesting - https://nebula.tv/hai

Follow us on Twitter:  twitter.com/wendoverpro  

Created by Adam Chase, Sam Denby, and Ben Doyle
Featuring Sam Denby, Adam Chase, Ben Doyle
Editing by Adam Chase, Ben Doyle, Jack MacColl, Tyson Kroening, Henry Ariza
Executive Producer Sam Denby
Co-Executive Producer Graham Haerther
Supervising Producer Tyson Kroening
Motion Graphics by Lili Pereira, João Pessegueiro, Dom Burgess, Elise Heersink, Sara Stoltman
Audio by Manni Simon, Donovan Bullen
Artwork by Simon Buckmaster
Additional Game Design by Amy Muller

Map data from OpenStreetMap: https://www.openstreetmap.org/copyright",uGI0tkmyogU,"Mount Fuji, Shizuoka Prefecture, Japan"
We Played Hide And Seek Across Japan - Ep 5,"Watch episode six of Jet Lag: Hide + Seek right now on Nebula: https://nebula.tv/videos/jetlag-ep-6-we-played-hide-and-seek-across-japan
Get Nebula for 40% off at http://nebula.tv/jetlag

Buy the Hide and Seek Home Game: https://store.nebula.tv/collections/recently-added-1/products/hideandseek

Get $20 off an annual Nebula subscription by signing up at http://go.nebula.tv/jetlag
Listen to the Nebula-exclusive Layover podcast now: https://nebula.tv/thelayover
Buy a Jet Lag hat at: https://store.nebula.tv/collections/wendover-productions/products/wendover-jet-lag-logo-hat

Our other channels:
Wendover Productions - https://nebula.tv/wendover
Half as Interesting - https://nebula.tv/hai

Follow us on Twitter:  twitter.com/wendoverpro  

Created by Adam Chase, Sam Denby, and Ben Doyle
Featuring Sam Denby, Adam Chase, Ben Doyle
Editing by Adam Chase, Ben Doyle, Jack MacColl, Tyson Kroening, Henry Ariza
Executive Producer Sam Denby
Co-Executive Producer Graham Haerther
Supervising Producer Tyson Kroening
Motion Graphics by Lili Pereira, João Pessegueiro, Dom Burgess, Elise Heersink, Sara Stoltman
Audio by Manni Simon, Donovan Bullen
Artwork by Simon Buckmaster
Additional Game Design by Amy Muller",16AbSxpRFJo,"Shibuya Crossing, Tokyo, Japan"
We Played Hide And Seek Across Japan - Ep 4,"Watch episode five of Jet Lag: Hide + Seek right now on Nebula: https://nebula.tv/videos/jetlag-ep-5-we-played-hide-and-seek-across-japan
Get Nebula for 40% off at http://nebula.tv/jetlag

Buy the Hide and Seek Home Game: https://store.nebula.tv/collections/recently-added-1/products/hideandseek

Get $20 off an annual Nebula subscription by signing up at http://go.nebula.tv/jetlag
Listen to the Nebula-exclusive Layover podcast now: https://nebula.tv/thelayover
Buy a Jet Lag hat at: https://store.nebula.tv/collections/wendover-productions/products/wendover-jet-lag-logo-hat

Our other channels:
Wendover Productions - https://nebula.tv/wendover
Half as Interesting - https://nebula.tv/hai

Follow us on Twitter:  twitter.com/wendoverpro  

Created by Adam Chase, Sam Denby, and Ben Doyle
Featuring Sam Denby, Adam Chase, Ben Doyle
Editing by Adam Chase, Ben Doyle, Jack MacColl, Tyson Kroening, Henry Ariza
Executive Producer Sam Denby
Co-Executive Producer Graham Haerther
Supervising Producer Tyson Kroening
Motion Graphics by Lili Pereira, João Pessegueiro, Dom Burgess, Elise Heersink, Sara Stoltman
Audio by Manni Simon, Donovan Bullen
Artwork by Simon Buckmaster
Additional Game Design by Amy Muller

Map data from OpenStreetMap: https://www.openstreetmap.org/copyright",TUkra-5kybs,"Fushimi Inari-taisha, Kyoto, Japan"
We Played Hide And Seek Across Japan - Ep 3,"Watch episode four of Jet Lag: Hide + Seek right now on Nebula: https://nebula.tv/videos/jetlag-ep-4-we-played-hide-and-seek-across-japan
Get Nebula for 40% off at http://nebula.tv/jetlag

Buy the Hide and Seek Home Game: https://store.nebula.tv/collections/recently-added-1/products/hideandseek

Get $20 off an annual Nebula subscription by signing up at http://go.nebula.tv/jetlag
Listen to the Nebula-exclusive Layover podcast now: https://nebula.tv/thelayover
Buy a Jet Lag hat at: https://store.nebula.tv/collections/wendover-productions/products/wendover-jet-lag-logo-hat

Our other channels:
Wendover Productions - https://nebula.tv/wendover
Half as Interesting - https://nebula.tv/hai

Follow us on Twitter:  twitter.com/wendoverpro  

Created by Adam Chase, Sam Denby, and Ben Doyle
Featuring Sam Denby, Adam Chase, Ben Doyle
Editing by Adam Chase, Ben Doyle, Jack MacColl, Tyson Kroening, Henry Ariza
Executive Producer Sam Denby
Co-Executive Producer Graham Haerther
Supervising Producer Tyson Kroening
Motion Graphics by Lili Pereira, João Pessegueiro, Dom Burgess, Elise Heersink, Sara Stoltman
Audio by Manni Simon, Donovan Bullen
Artwork by Simon Buckmaster
Additional Game Design by Amy Muller

Map data from OpenStreetMap: https://www.openstreetmap.org/copyright",8Xdl5psYVgQ,"Itsukushima Shrine, Hiroshima, Japan"
We Played Hide And Seek Across Japan - Ep 2,"Watch episode three of Jet Lag: Hide + Seek right now on Nebula: https://nebula.tv/videos/jetlag-ep-3-we-played-hide-and-seek-across-japan
Get Nebula for 40% off at http://nebula.tv/jetlag

Buy the Hide and Seek Home Game: https://store.nebula.tv/collections/recently-added-1/products/hideandseek

Get $20 off an annual Nebula subscription by signing up at http://go.nebula.tv/jetlag
Listen to the Nebula-exclusive Layover podcast now: https://nebula.tv/thelayover
Buy a Jet Lag hat at: https://store.nebula.tv/collections/wendover-productions/products/wendover-jet-lag-logo-hat

Our other channels:
Wendover Productions - https://nebula.tv/wendover
Half as Interesting - https://nebula.tv/hai

Follow us on Twitter:  twitter.com/wendoverpro  

Created by Adam Chase, Sam Denby, and Ben Doyle
Featuring Sam Denby, Adam Chase, Ben Doyle
Editing by Adam Chase, Ben Doyle, Jack MacColl, Tyson Kroening, Henry Ariza
Executive Producer Sam Denby
Co-Executive Producer Graham Haerther
Supervising Producer Tyson Kroening
Motion Graphics by Lili Pereira, João Pessegueiro, Dom Burgess, Elise Heersink, Sara Stoltman
Audio by Manni Simon, Donovan Bullen
Artwork by Simon Buckmaster
Additional Game Design by Amy Muller

Map data from OpenStreetMap: https://www.openstreetmap.org/copyright",eRWobpethq4,"Osaka Castle, Osaka, Japan"
We Played Hide And Seek Across Japan,"Watch episode two of Jet Lag: Hide + Seek right now on Nebula: https://nebula.tv/videos/jetlag-ep-2-we-played-hide-and-seek-across-japan
Get Nebula for 40% off at http://nebula.tv/jetlag

Buy the Hide and Seek Home Game: https://store.nebula.tv/collections/recently-added-1/products/hideandseek

Get $20 off an annual Nebula subscription by signing up at http://go.nebula.tv/jetlag
Listen to the Nebula-exclusive Layover podcast now: https://nebula.tv/thelayover
Buy a Jet Lag hat at: https://store.nebula.tv/collections/wendover-productions/products/wendover-jet-lag-logo-hat

Our other channels:
Wendover Productions - https://nebula.tv/wendover
Half as Interesting - https://nebula.tv/hai

Follow us on Twitter:  twitter.com/wendoverpro  

Created by Adam Chase, Sam Denby, and Ben Doyle
Featuring Sam Denby, Adam Chase, Ben Doyle
Editing by Adam Chase, Ben Doyle, Jack MacColl, Tyson Kroening, Henry Ariza
Executive Producer Sam Denby
Co-Executive Producer Graham Haerther
Supervising Producer Tyson Kroening
Motion Graphics by Lili Pereira, João Pessegueiro, Dom Burgess, Elise Heersink, Sara Stoltman
Audio by Manni Simon, Donovan Bullen
Artwork by Simon Buckmaster
Additional Game Design by Amy Muller

Map data from OpenStreetMap: https://www.openstreetmap.org/copyright",PHjkSKQSzv4,"Arashiyama Bamboo Grove, Kyoto, Japan"
Jet Lag: Hide + Seek Japan [Trailer],"Watch now at http://nebula.tv/jetlag

Premiering on YouTube December 11th",DJuloZc4QJw,"Himeji Castle, Himeji, Japan"
Finale - We Played a 72 Hour Game of Tag Across Europe (2024),"Get Nebula for 40% off at http://nebula.tv/jetlag

Listen to the Nebula-exclusive Layover podcast now: https://nebula.tv/thelayover
Order a Jet Lag hat at: https://store.nebula.tv/collections/wendover-productions/products/wendover-jet-lag-logo-hat

Our other channels:
Wendover Productions - https://nebula.tv/wendover
Half as Interesting - https://nebula.tv/hai

Follow us on Twitter:  twitter.com/wendoverpro  

Created by Adam Chase, Sam Denby, and Ben Doyle
Featuring Sam Denby, Adam Chase, and Ben Doyle.
Editing by Adam Chase, Ben Doyle, Jack MacColl, Tyson Kroening, Henry Ariza
Executive Producer Sam Denby
Co-Executive Producer Graham Haerther
Supervising Producer Tyson Kroening
Motion Graphics by Lili Pereira, João Pessegueiro, Dom Burgess, Elise Heersink, Sara Stoltman
Audio by Manni Simon, Donovan Bullen
Artwork by Simon Buckmaster
Additional Game Design by Amy Muller",CpIHZSRBrgA,"Big Ben, London, England, United Kingdom"
Ep 5 - We Played a 72 Hour Game of Tag Across Europe (2024),"Watch episode 6 of Tag Across Europe right now on Nebula: https://nebula.tv/videos/jetlag-ep-6-tag-across-europe-3
Get Nebula for 40% off at http://nebula.tv/jetlag

Listen to the Nebula-exclusive Layover podcast now: https://nebula.tv/thelayover
Order a Jet Lag hat at: https://store.nebula.tv/collections/wendover-productions/products/wendover-jet-lag-logo-hat

Our other channels:
Wendover Productions - https://nebula.tv/wendover
Half as Interesting - https://nebula.tv/hai

Follow us on Twitter:  twitter.com/wendoverpro  

Created by Adam Chase, Sam Denby, and Ben Doyle
Featuring Sam Denby, Adam Chase, and Ben Doyle.
Editing by Adam Chase, Ben Doyle, Jack MacColl, Tyson Kroening, Henry Ariza
Executive Producer Sam Denby
Co-Executive Producer Graham Haerther
Supervising Producer Tyson Kroening
Motion Graphics by Lili Pereira, João Pessegueiro, Dom Burgess, Elise Heersink, Sara Stoltman
Audio by Manni Simon, Donovan Bullen
Artwork by Simon Buckmaster
Additional Game Design by Amy Muller",Fd-SP-yoDbU,"Charles Bridge, Prague, Czech Republic"
Ep 4 - We Played a 72 Hour Game of Tag Across Europe (2024),"Watch episode 5 of Tag Across Europe right now on Nebula: https://nebula.tv/videos/jetlag-ep-5-tag-across-europe-3
Get Nebula for 40% off at http://nebula.tv/jetlag

Listen to the Nebula-exclusive Layover podcast now: https://nebula.tv/thelayover
Order a Jet Lag hat at: https://store.nebula.tv/collections/wendover-productions/products/wendover-jet-lag-logo-hat

Our other channels:
Wendover Productions - https://nebula.tv/wendover
Half as Interesting - https://nebula.tv/hai

Follow us on Twitter:  twitter.com/wendoverpro  

Created by Adam Chase, Sam Denby, and Ben Doyle
Featuring Sam Denby, Adam Chase, and Ben Doyle.
Editing by Adam Chase, Ben Doyle, Jack MacColl, Tyson Kroening, Henry Ariza
Executive Producer Sam Denby
Co-Executive Producer Graham Haerther
Supervising Producer Tyson Kroening
Motion Graphics by Lili Pereira, João Pessegueiro, Dom Burgess, Elise Heersink, Sara Stoltman
Audio by Manni Simon, Donovan Bullen
Artwork by Simon Buckmaster
Additional Game Design by Amy Muller",VsuuYPwgbg0,"Cologne Cathedral, Cologne, Germany"
Ep 3 - We Played a 72 Hour Game of Tag Across Europe (2024),"Watch episode 4 of Tag Across Europe right now on Nebula: https://nebula.tv/videos/jetlag-ep-4-tag-across-europe-3
Get Nebula for 40% off at http://nebula.tv/jetlag

Listen to the Nebula-exclusive Layover podcast now: https://nebula.tv/thelayover
Order a Jet Lag hat at: https://store.nebula.tv/collections/wendover-productions/products/wendover-jet-lag-logo-hat

Our other channels:
Wendover Productions - https://nebula.tv/wendover
Half as Interesting - https://nebula.tv/hai

Follow us on Twitter:  twitter.com/wendoverpro  

Created by Adam Chase, Sam Denby, and Ben Doyle
Featuring Sam Denby, Adam Chase, and Ben Doyle.
Editing by Adam Chase, Ben Doyle, Jack MacColl, Tyson Kroening, Henry Ariza
Executive Producer Sam Denby
Co-Executive Producer Graham Haerther
Supervising Producer Tyson Kroening
Motion Graphics by Lili Pereira, João Pessegueiro, Dom Burgess, Elise Heersink, Sara Stoltman
Audio by Manni Simon, Donovan Bullen
Artwork by Simon Buckmaster
Additional Game Design by Amy Muller",GYVUFfQ3OTk,"Brussels Grand Place, Brussels, Belgium"
Ep 2 - We Played a 72 Hour Game of Tag Across Europe (2024),"Watch episode 3 of Tag Across Europe right now on Nebula: https://nebula.tv/videos/jetlag-ep-3-tag-across-europe-3
Get Nebula for 40% off at http://nebula.tv/jetlag

Listen to the Nebula-exclusive Layover podcast now: https://nebula.tv/thelayover
Order a Jet Lag hat at: https://store.nebula.tv/collections/wendover-productions/products/wendover-jet-lag-logo-hat

Our other channels:
Wendover Productions - https://nebula.tv/wendover
Half as Interesting - https://nebula.tv/hai

Follow us on Twitter:  twitter.com/wendoverpro  

Created by Adam Chase, Sam Denby, and Ben Doyle
Featuring Sam Denby, Adam Chase, and Ben Doyle.
Editing by Adam Chase, Ben Doyle, Jack MacColl, Tyson Kroening, Henry Ariza
Executive Producer Sam Denby
Co-Executive Producer Graham Haerther
Supervising Producer Tyson Kroening
Motion Graphics by Lili Pereira, João Pessegueiro, Dom Burgess, Elise Heersink, Sara Stoltman
Audio by Manni Simon, Donovan Bullen
Artwork by Simon Buckmaster
Additional Game Design by Amy Muller",QcQqT4yMvro,"The Pantheon, Rome, Italy"
We Played a 72 Hour Game of Tag Across Europe (2024),"Watch episode 2 of Tag Across Europe right now on Nebula: https://nebula.tv/videos/jetlag-ep-2-tag-across-europe-3
Get Nebula for 40% off at http://nebula.tv/jetlag

Listen to the Nebula-exclusive Layover podcast now: https://nebula.tv/thelayover
Order a Jet Lag hat at: https://store.nebula.tv/collections/wendover-productions/products/wendover-jet-lag-logo-hat

Our other channels:
Wendover Productions - https://nebula.tv/wendover
Half as Interesting - https://nebula.tv/hai

Follow us on Twitter:  twitter.com/wendoverpro  

Created by Adam Chase, Sam Denby, and Ben Doyle
Featuring Sam Denby, Adam Chase, and Ben Doyle.
Editing by Adam Chase, Ben Doyle, Jack MacColl, Tyson Kroening, Henry Ariza
Executive Producer Sam Denby
Co-Executive Producer Graham Haerther
Supervising Producer Tyson Kroening
Motion Graphics by Lili Pereira, João Pessegueiro, Dom Burgess, Elise Heersink, Sara Stoltman
Audio by Manni Simon, Donovan Bullen
Artwork by Simon Buckmaster
Additional Game Design by Amy Muller",hsoiHKaqG2s,"The Louvre, Paris, France"
Jet Lag: Tag 3 [Trailer],"Watch now at http://nebula.tv/jetlag

Premiering on YouTube August 28",BulZkf97cEQ,"Pier 39, San Francisco, California, United States"
AU$TRALIA: A Travel Game - Finale,"Get Nebula for 40% off at http://nebula.tv/jetlag

Listen to the Nebula-exclusive Layover podcast now: https://nebula.tv/thelayover
Pre-order a Jet Lag hat at: https://store.nebula.tv/collections/wendover-productions/products/wendover-jet-lag-logo-hat

Our other channels:
Wendover Productions - https://nebula.tv/wendover
Half as Interesting - https://nebula.tv/hai

Follow us on Twitter:  twitter.com/wendoverpro  

Created by Adam Chase, Sam Denby, and Ben Doyle
Featuring Sam Denby, Adam Chase, Ben Doyle and Toby Hendy
Editing by Adam Chase, Ben Doyle, Jack MacColl, Tyson Kroening, Henry Ariza
Executive Producer Sam Denby
Co-Executive Producer Graham Haerther
Supervising Producer Tyson Kroening
Motion Graphics by Lili Pereira, João Pessegueiro, Dom Burgess, Elise Heersink, Sara Stoltman
Audio by Manni Simon, Donovan Bullen
Artwork by Simon Buckmaster
Additional Game Design by Amy Muller

Carbon offset by the Gold Standard: https://registry.goldstandard.org/credit-blocks/details/432512",Lf62N-s42_o,"Sydney Opera House, Sydney, New South Wales, Australia"
AU$TRALIA: A Travel Game - Ep 5,"Watch episode 6 of Jet Lag: AU$TRALIA now: https://nebula.tv/videos/jetlag-ep-6-australia-a-game-about-travel-money-and-risk/
Get Nebula for 40% off at http://nebula.tv/jetlag

Listen to the Nebula-exclusive Layover podcast now: https://nebula.tv/thelayover
Pre-order a Jet Lag hat at: https://store.nebula.tv/collections/wendover-productions/products/wendover-jet-lag-logo-hat

Our other channels:
Wendover Productions - https://nebula.tv/wendover
Half as Interesting - https://nebula.tv/hai

Follow us on Twitter:  twitter.com/wendoverpro  

Created by Adam Chase, Sam Denby, and Ben Doyle
Featuring Sam Denby, Adam Chase, Ben Doyle and Toby Hendy
Editing by Adam Chase, Ben Doyle, Jack MacColl, Tyson Kroening, Henry Ariza
Executive Producer Sam Denby
Co-Executive Producer Graham Haerther
Supervising Producer Tyson Kroening
Motion Graphics by Lili Pereira, João Pessegueiro, Dom Burgess, Elise Heersink, Sara Stoltman
Audio by Manni Simon, Donovan Bullen
Artwork by Simon Buckmaster
Additional Game Design by Amy Muller

Carbon offset by the Gold Standard: https://registry.goldstandard.org/credit-blocks/details/432512",v4KHDMvFQgg,"Melbourne Cricket Ground, Melbourne, Victoria, Australia"
AU$TRALIA: A Travel Game - Ep 4,"Watch episode 5 of Jet Lag: AU$TRALIA now: https://nebula.tv/videos/jetlag-ep-5-australia-a-game-about-travel-money-and-risk/
Get Nebula for 40% off at http://nebula.tv/jetlag

Listen to the Nebula-exclusive Layover podcast now: https://nebula.tv/thelayover
Pre-order a Jet Lag hat at: https://store.nebula.tv/collections/wendover-productions/products/wendover-jet-lag-logo-hat

Our other channels:
Wendover Productions - https://nebula.tv/wendover
Half as Interesting - https://nebula.tv/hai

Follow us on Twitter:  twitter.com/wendoverpro  

Created by Adam Chase, Sam Denby, and Ben Doyle
Featuring Sam Denby, Adam Chase, Ben Doyle and Toby Hendy
Editing by Adam Chase, Ben Doyle, Jack MacColl, Tyson Kroening, Henry Ariza
Executive Producer Sam Denby
Co-Executive Producer Graham Haerther
Supervising Producer Tyson Kroening
Motion Graphics by Lili Pereira, João Pessegueiro, Dom Burgess, Elise Heersink, Sara Stoltman
Audio by Manni Simon, Donovan Bullen
Artwork by Simon Buckmaster
Additional Game Design by Amy Muller

Carbon offset by the Gold Standard: https://registry.goldstandard.org/credit-blocks/details/432512",BPOglXCH0F8,"Great Barrier Reef, Queensland, Australia"
AU$TRALIA: A Travel Game - Ep 3,"Watch episode 4 of Jet Lag: AU$TRALIA now: https://nebula.tv/videos/jetlag-ep-4-australia-a-game-about-travel-money-and-risk/
Get Nebula for 40% off at http://nebula.tv/jetlag

Listen to the Nebula-exclusive Layover podcast now: https://nebula.tv/thelayover
Pre-order a Jet Lag hat at: https://store.nebula.tv/collections/wendover-productions/products/wendover-jet-lag-logo-hat

Our other channels:
Wendover Productions - https://nebula.tv/wendover
Half as Interesting - https://nebula.tv/hai

Follow us on Twitter:  twitter.com/wendoverpro  

Created by Adam Chase, Sam Denby, and Ben Doyle
Featuring Sam Denby, Adam Chase, Ben Doyle and Toby Hendy
Editing by Adam Chase, Ben Doyle, Jack MacColl, Tyson Kroening, Henry Ariza
Executive Producer Sam Denby
Co-Executive Producer Graham Haerther
Supervising Producer Tyson Kroening
Motion Graphics by Lili Pereira, João Pessegueiro, Dom Burgess, Elise Heersink, Sara Stoltman
Audio by Manni Simon, Donovan Bullen
Artwork by Simon Buckmaster
Additional Game Design by Amy Muller

Carbon offset by the Gold Standard: https://registry.goldstandard.org/credit-blocks/details/432512",JPj_Kf5jC_0,"Bondi Beach, Sydney, New South Wales, Australia"
AU$TRALIA: A Travel Game - Ep 2,"Watch episode 3 of Jet Lag: AU$TRALIA now: https://nebula.tv/videos/jetlag-ep-3-australia-a-game-about-travel-money-and-risk/
Get Nebula for 40% off at http://nebula.tv/jetlag

Listen to the Nebula-exclusive Layover podcast now: https://nebula.tv/thelayover
Pre-order a Jet Lag hat at: https://store.nebula.tv/collections/wendover-productions/products/wendover-jet-lag-logo-hat

Our other channels:
Wendover Productions - https://nebula.tv/wendover
Half as Interesting - https://nebula.tv/hai

Follow us on Twitter:  twitter.com/wendoverpro  

Created by Adam Chase, Sam Denby, and Ben Doyle
Featuring Sam Denby, Adam Chase, Ben Doyle and Toby Hendy
Editing by Adam Chase, Ben Doyle, Jack MacColl, Tyson Kroening, Henry Ariza
Executive Producer Sam Denby
Co-Executive Producer Graham Haerther
Supervising Producer Tyson Kroening
Motion Graphics by Lili Pereira, João Pessegueiro, Dom Burgess, Elise Heersink, Sara Stoltman
Audio by Manni Simon, Donovan Bullen
Artwork by Simon Buckmaster
Additional Game Design by Amy Muller

Carbon offset by the Gold Standard: https://registry.goldstandard.org/credit-blocks/details/432512",abwiCon6IjU,"Uluru, Northern Territory, Australia"
AU$TRALIA: A Travel Game,"Watch episode 2 of Jet Lag: AU$TRALIA now: https://nebula.tv/videos/jetlag-australia-a-game-about-travel-money-and-risk
Get Nebula for 40% off at http://nebula.tv/jetlag

Listen to the Nebula-exclusive Layover podcast now: https://nebula.tv/thelayover
Pre-order a Jet Lag hat at: https://store.nebula.tv/collections/wendover-productions/products/wendover-jet-lag-logo-hat

Our other channels:
Wendover Productions - https://nebula.tv/wendover
Half as Interesting - https://nebula.tv/hai

Follow us on Twitter:  twitter.com/wendoverpro  

Created by Adam Chase, Sam Denby, and Ben Doyle
Featuring Sam Denby, Adam Chase, Ben Doyle and Toby Hendy
Editing by Adam Chase, Ben Doyle, Jack MacColl, Tyson Kroening, Henry Ariza
Executive Producer Sam Denby
Co-Executive Producer Graham Haerther
Supervising Producer Tyson Kroening
Motion Graphics by Lili Pereira, João Pessegueiro, Dom Burgess, Elise Heersink, Sara Stoltman
Audio by Manni Simon, Donovan Bullen
Artwork by Simon Buckmaster
Additional Game Design by Amy Muller

Carbon offset by the Gold Standard: https://registry.goldstandard.org/credit-blocks/details/432512",rNxi1-UgV2I,"Queen Victoria Market, Melbourne, Victoria, Australia"
Jet Lag: AU$TRALIA [Trailer],"Watch now at http://nebula.tv/jetlag

Premiering on YouTube May 22nd",Ep34bvS4Y9Q,"Kings Park, Perth, Western Australia, Australia"
We Played Hide And Seek Across Switzerland - Finale,"Watch the outtakes of Jet Lag: Hide + Seek right now on Nebula: https://nebula.tv/videos/jetlag-jet-lag-the-outtakes-everything-we-cut-from-season-9
Get Nebula for 40% off at http://nebula.tv/jetlag

Listen to the Nebula-exclusive Layover podcast now: https://nebula.tv/thelayover
Pre-order a Jet Lag hat at: https://store.nebula.tv/collections/wendover-productions/products/wendover-jet-lag-logo-hat

Our other channels:
Wendover Productions - https://nebula.tv/wendover
Half as Interesting - https://nebula.tv/hai

Follow us on Twitter:  twitter.com/wendoverpro  

Created by Adam Chase, Sam Denby, and Ben Doyle
Featuring Sam Denby, Adam Chase, Ben Doyle
Editing by Adam Chase, Ben Doyle, Jack MacColl, Tyson Kroening, Henry Ariza
Executive Producer Sam Denby
Co-Executive Producer Graham Haerther
Supervising Producer Tyson Kroening
Motion Graphics by Lili Pereira, João Pessegueiro, Dom Burgess, Elise Heersink, Sara Stoltman
Audio by Manni Simon, Donovan Bullen
Artwork by Simon Buckmaster
Additional Game Design by Amy Muller",X13gVRwnKDA,"Chapel Bridge, Lucerne, Switzerland"
We Played Hide And Seek Across Switzerland - Ep 4,"Watch the finale of Jet Lag: Hide + Seek right now on Nebula: https://nebula.tv/videos/jetlag-ep-5-we-played-hide-and-seek-across-switzerland
Get Nebula for 40% off at http://nebula.tv/jetlag

Listen to the Nebula-exclusive Layover podcast now: https://nebula.tv/thelayover
Pre-order a Jet Lag hat at: https://store.nebula.tv/collections/wendover-productions/products/wendover-jet-lag-logo-hat

Our other channels:
Wendover Productions - https://nebula.tv/wendover
Half as Interesting - https://nebula.tv/hai

Follow us on Twitter:  twitter.com/wendoverpro  

Created by Adam Chase, Sam Denby, and Ben Doyle
Featuring Sam Denby, Adam Chase, Ben Doyle
Editing by Adam Chase, Ben Doyle, Jack MacColl, Tyson Kroening, Henry Ariza
Executive Producer Sam Denby
Co-Executive Producer Graham Haerther
Supervising Producer Tyson Kroening
Motion Graphics by Lili Pereira, João Pessegueiro, Dom Burgess, Elise Heersink, Sara Stoltman
Audio by Manni Simon, Donovan Bullen
Artwork by Simon Buckmaster
Additional Game Design by Amy Muller",62NKEFWavKA,"Château de Chillon, Veytaux, Switzerland"
We Played Hide And Seek Across Switzerland - Ep 3,"Watch episode four of Jet Lag: Hide + Seek right now on Nebula: https://nebula.tv/videos/jetlag-ep-4-we-played-hide-and-seek-across-switzerland
Get Nebula for 40% off at http://nebula.tv/jetlag

Listen to the Nebula-exclusive Layover podcast now: https://nebula.tv/thelayover
Pre-order a Jet Lag hat at: https://store.nebula.tv/collections/wendover-productions/products/wendover-jet-lag-logo-hat

Our other channels:
Wendover Productions - https://nebula.tv/wendover
Half as Interesting - https://nebula.tv/hai

Follow us on Twitter:  twitter.com/wendoverpro  

Created by Adam Chase, Sam Denby, and Ben Doyle
Featuring Sam Denby, Adam Chase, Ben Doyle
Editing by Adam Chase, Ben Doyle, Jack MacColl, Tyson Kroening, Henry Ariza
Executive Producer Sam Denby
Co-Executive Producer Graham Haerther
Supervising Producer Tyson Kroening
Motion Graphics by Lili Pereira, João Pessegueiro, Dom Burgess, Elise Heersink, Sara Stoltman
Audio by Manni Simon, Donovan Bullen
Artwork by Simon Buckmaster
Additional Game Design by Amy Muller",h5kDnrKG6OA,"Matterhorn, Zermatt, Switzerland"
We Played Hide And Seek Across Switzerland - Ep 2,"Watch episode three of Jet Lag: Hide + Seek right now on Nebula: https://nebula.tv/videos/jetlag-ep-3-we-played-hide-and-seek-across-switzerland
Get Nebula for 40% off at http://nebula.tv/jetlag

Get $20 off an annual Nebula subscription by signing up at http://go.nebula.tv/jetlag
Listen to the Nebula-exclusive Layover podcast now: https://nebula.tv/thelayover
Pre-order a Jet Lag hat at: https://store.nebula.tv/collections/wendover-productions/products/wendover-jet-lag-logo-hat

Our other channels:
Wendover Productions - https://nebula.tv/wendover
Half as Interesting - https://nebula.tv/hai

Follow us on Twitter:  twitter.com/wendoverpro  

Created by Adam Chase, Sam Denby, and Ben Doyle
Featuring Sam Denby, Adam Chase, Ben Doyle
Editing by Adam Chase, Ben Doyle, Jack MacColl, Tyson Kroening, Henry Ariza
Executive Producer Sam Denby
Co-Executive Producer Graham Haerther
Supervising Producer Tyson Kroening
Motion Graphics by Lili Pereira, João Pessegueiro, Dom Burgess, Elise Heersink, Sara Stoltman
Audio by Manni Simon, Donovan Bullen
Artwork by Simon Buckmaster
Additional Game Design by Amy Muller",CkRXCvWptn4,"Jet d'Eau, Geneva, Switzerland"
We Played Hide And Seek Across Switzerland,"Watch episode two of Jet Lag: Hide + Seek right now on Nebula: 
Get Nebula for 40% off at http://nebula.tv/jetlag

Get $20 off an annual Nebula subscription by signing up at http://go.nebula.tv/jetlag
Listen to the Nebula-exclusive Layover podcast now: https://nebula.tv/thelayover
Pre-order a Jet Lag hat at: https://store.nebula.tv/collections/wendover-productions/products/wendover-jet-lag-logo-hat

Our other channels:
Wendover Productions - https://nebula.tv/wendover
Half as Interesting - https://nebula.tv/hai

Follow us on Twitter:  twitter.com/wendoverpro  

Created by Adam Chase, Sam Denby, and Ben Doyle
Featuring Sam Denby, Adam Chase, Ben Doyle
Editing by Adam Chase, Ben Doyle, Jack MacColl, Tyson Kroening, Henry Ariza
Executive Producer Sam Denby
Co-Executive Producer Graham Haerther
Supervising Producer Tyson Kroening
Motion Graphics by Lili Pereira, João Pessegueiro, Dom Burgess, Elise Heersink, Sara Stoltman
Audio by Manni Simon, Donovan Bullen
Artwork by Simon Buckmaster
Additional Game Design by Amy Muller",E8UmTJVDnUI,"Bahnhofstrasse, Zurich, Switzerland"
Jet Lag: Hide + Seek [Trailer],"Watch episode 1 of Jet Lag: Hide + Seek right now on Nebula: https://nebula.tv/videos/jetlag-we-played-hide-and-seek-across-switzerland

Get Nebula for 40% off at http://nebula.tv/jetlag

Listen to the Nebula-exclusive Layover podcast now: https://nebula.tv/thelayover

Our other channels:
Wendover Productions - https://nebula.tv/wendover
Half as Interesting - https://nebula.tv/hai

Follow us on Twitter: http://twitter.com/wendoverpro

Created by Adam Chase, Sam Denby, and Ben Doyle
Featuring Sam Denby, Adam Chase, Ben Doyle
Editing by Adam Chase, Ben Doyle, Jack MacColl, Tyson Kroening, Henry Ariza
Executive Producer Sam Denby
Co-Executive Producer Graham Haerther
Supervising Producer Tyson Kroening
Motion Graphics by Lili Pereira, João Pessegueiro, Dom Burgess, Elise Heersink, Sara Stoltman
Audio by Manni Simon, Donovan Bullen
Artwork by Simon Buckmaster
Additional Game Design by Amy Muller

Map data from OpenStreetMap: https://www.openstreetmap.org/copyright",92bS-Gu2ivM,"Lion Monument, Lucerne, Switzerland"
Finale - We Raced From USA's Northernmost to Southernmost Town,"Watch Jet Lag: The Outtakes right now on Nebula: https://nebula.tv/videos/jetlag-jet-lag-the-outtakes-everything-we-cut-from-season-8
Get Nebula for 40% off at http://nebula.tv/jetlag

Listen to the Nebula-exclusive Layover podcast now: https://nebula.tv/thelayover

Our other channels:
Wendover Productions - https://nebula.tv/wendover
Half as Interesting - https://nebula.tv/hai

Follow us on Twitter: http://twitter.com/wendoverpro

Created by Adam Chase, Sam Denby, and Ben Doyle
Guest starring Michelle Khare
Editing by Adam Chase, Ben Doyle, Jack MacColl, Henry Ariza, Tyson Kroening
Supervising Producer Graham Haerther
Motion Graphics by Lili Pereira, João Pessegueiro, Dom Burgess, Elise Heersink, Derek Brown
Audio by Manni Simon, Donovan Bullen
Additional Game Design by Amy Muller
Artwork by Simon Buckmaster

Map data from OpenStreetMap: https://www.openstreetmap.org/copyright",SqWs-riq6Dc,"Utqiaġvik, Alaska, United States"
Ep 5 - We Raced From USA's Northernmost to Southernmost Town,"Watch the finale of Jet Lag: Arctic Escape right now on Nebula: https://nebula.tv/videos/jetlag-ep-6-we-raced-from-americas-northernmost-to-southernmost-town
Get Nebula for 40% off at http://nebula.tv/jetlag

Listen to the Nebula-exclusive Layover podcast now: https://nebula.tv/thelayover

Our other channels:
Wendover Productions - https://nebula.tv/wendover
Half as Interesting - https://nebula.tv/hai

Follow us on Twitter: http://twitter.com/wendoverpro

Created by Adam Chase, Sam Denby, and Ben Doyle
Guest starring Michelle Khare
Editing by Adam Chase, Ben Doyle, Jack MacColl, Henry Ariza, Tyson Kroening
Supervising Producer Graham Haerther
Motion Graphics by Lili Pereira, João Pessegueiro, Dom Burgess, Elise Heersink, Derek Brown
Audio by Manni Simon, Donovan Bullen
Additional Game Design by Amy Muller
Artwork by Simon Buckmaster

Map data from OpenStreetMap: https://www.openstreetmap.org/copyright",UtxqlV0r_iU,"Key West, Florida, United States"
Ep 4 - We Raced From USA's Northernmost to Southernmost Town,"Watch episode five of Jet Lag: Arctic Escape right now on Nebula: https://nebula.tv/videos/jetlag-ep-5-we-raced-from-americas-northernmost-to-southernmost-town
Get Nebula for 40% off at http://nebula.tv/jetlag

Listen to the Nebula-exclusive Layover podcast now: https://nebula.tv/thelayover

Our other channels:
Wendover Productions - https://nebula.tv/wendover
Half as Interesting - https://nebula.tv/hai

Follow us on Twitter: http://twitter.com/wendoverpro

Created by Adam Chase, Sam Denby, and Ben Doyle
Guest starring Michelle Khare
Editing by Adam Chase, Ben Doyle, Jack MacColl, Henry Ariza, Tyson Kroening
Supervising Producer Graham Haerther
Motion Graphics by Lili Pereira, João Pessegueiro, Dom Burgess, Elise Heersink, Derek Brown
Audio by Manni Simon, Donovan Bullen
Additional Game Design by Amy Muller
Artwork by Simon Buckmaster

Map data from OpenStreetMap: https://www.openstreetmap.org/copyright",Bvd1ozFzYu4,"Barrow Beach, Utqiaġvik, Alaska, United States"
Ep 3 - We Raced From USA's Northernmost to Southernmost Town,"Watch episode four of Jet Lag: Arctic Escape right now on Nebula: https://nebula.tv/videos/jetlag-ep-4-we-raced-from-americas-northernmost-to-southernmost-town
Get Nebula for 40% off at http://nebula.tv/jetlag

Listen to the Nebula-exclusive Layover podcast now: https://nebula.tv/thelayover

Our other channels:
Wendover Productions - https://nebula.tv/wendover
Half as Interesting - https://nebula.tv/hai

Follow us on Twitter: http://twitter.com/wendoverpro

Created by Adam Chase, Sam Denby, and Ben Doyle
Guest starring Michelle Khare
Editing by Adam Chase, Ben Doyle, Jack MacColl, Henry Ariza, Tyson Kroening
Supervising Producer Graham Haerther
Motion Graphics by Lili Pereira, João Pessegueiro, Dom Burgess, Elise Heersink, Derek Brown
Audio by Manni Simon, Donovan Bullen
Additional Game Design by Amy Muller
Artwork by Simon Buckmaster

Map data from OpenStreetMap: https://www.openstreetmap.org/copyright",9iCx-7xW5T8,"Deadhorse, Alaska, United States"
Ep 2 - We Raced From USA's Northernmost to Southernmost Town,"Watch episode three of Jet Lag: Arctic Escape right now on Nebula: https://nebula.tv/videos/jetlag-ep-3-we-raced-from-americas-northernmost-to-southernmost-town
Get Nebula for 40% off at http://nebula.tv/jetlag

Listen to the Nebula-exclusive Layover podcast now: https://nebula.tv/thelayover

Our other channels:
Wendover Productions - https://nebula.tv/wendover
Half as Interesting - https://nebula.tv/hai

Follow us on Twitter: http://twitter.com/wendoverpro

Created by Adam Chase, Sam Denby, and Ben Doyle
Guest starring Michelle Khare
Editing by Adam Chase, Ben Doyle, Jack MacColl, Henry Ariza, Tyson Kroening
Supervising Producer Graham Haerther
Motion Graphics by Lili Pereira, João Pessegueiro, Dom Burgess, Elise Heersink, Derek Brown
Audio by Manni Simon, Donovan Bullen
Additional Game Design by Amy Muller
Artwork by Simon Buckmaster

Map data from OpenStreetMap: https://www.openstreetmap.org/copyright",NFPQW7gQ6Ho,"Key West Lighthouse, Key West, Florida, United States"
We Raced From USA's Northernmost to Southernmost Town,"Watch episode two of Jet Lag: Arctic Escape right now on Nebula: https://nebula.tv/videos/jetlag-ep-2-we-raced-from-americas-northernmost-to-southernmost-town
Get Nebula for 40% off at http://nebula.tv/jetlag

Get $20 off an annual Nebula subscription by signing up at http://go.nebula.tv/jetlag

Listen to the Nebula-exclusive Layover podcast now: https://nebula.tv/thelayover

Our other channels:
Wendover Productions - https://nebula.tv/wendover
Half as Interesting - https://nebula.tv/hai

Follow us on Twitter: http://twitter.com/wendoverpro

Created by Adam Chase, Sam Denby, and Ben Doyle
Guest starring Michelle Khare
Editing by Adam Chase, Ben Doyle, Jack MacColl, Henry Ariza, Tyson Kroening
Supervising Producer Graham Haerther
Motion Graphics by Lili Pereira, João Pessegueiro, Dom Burgess, Elise Heersink, Derek Brown
Audio by Manni Simon, Donovan Bullen
Additional Game Design by Amy Muller
Artwork by Simon Buckmaster

Map data from OpenStreetMap: https://www.openstreetmap.org/copyright",Qfb9eVgksms,"Prudhoe Bay, Alaska, United States"
Jet Lag Season 8 - Trailer,"Watch Jet Lag first at http://nebula.tv/jetlag

Trailer by Josh Sammons",0c2hgRtGO94,"Space Needle, Seattle, Washington, United States"
Finale — We Played a 72 Hour Game of Tag Across Europe (Again),"Watch the season finale right now on Nebula: https://nebula.tv/videos/jetlag-ep-6-we-played-a-72-hour-game-of-tag-across-europe-again
Get $20 off an annual Nebula subscription by signing up at http://go.nebula.tv/jetlag

Listen to the Nebula-exclusive Layover podcast now: https://nebula.tv/thelayover

Our other channels:
Wendover Productions - https://nebula.tv/wendover
Half as Interesting - https://nebula.tv/hai

Follow us on Twitter: http://twitter.com/wendoverpro

Created by Adam Chase, Sam Denby, and Ben Doyle
Editing by Adam Chase, Ben Doyle, Henry Ariza, Tyson Kroening
Supervising Producer Graham Haerther
Motion Graphics by Lili Pereira, João Pessegueiro, Dom Burgess, Elise Heersink, Derek Brown
Audio by Manni Simon, Donovan Bullen
Additional Game Design by Amy Muller
Artwork by Simon Buckmaster

Map data from OpenStreetMap: https://www.openstreetmap.org/copyright",vXthU0h0pOQ,"Prater, Vienna, Austria"
Ep 5 — We Played a 72 Hour Game of Tag Across Europe (Again),"Watch the season finale right now on Nebula: https://nebula.tv/videos/jetlag-ep-6-we-played-a-72-hour-game-of-tag-across-europe-again
Get $20 off an annual Nebula subscription by signing up at http://go.nebula.tv/jetlag

Listen to the Nebula-exclusive Layover podcast now: https://nebula.tv/thelayover

Our other channels:
Wendover Productions - https://nebula.tv/wendover
Half as Interesting - https://nebula.tv/hai

Follow us on Twitter: http://twitter.com/wendoverpro

Created by Adam Chase, Sam Denby, and Ben Doyle
Editing by Adam Chase, Ben Doyle, Henry Ariza, Tyson Kroening
Supervising Producer Graham Haerther
Motion Graphics by Lili Pereira, João Pessegueiro, Dom Burgess, Elise Heersink, Derek Brown
Audio by Manni Simon, Donovan Bullen
Additional Game Design by Amy Muller
Artwork by Simon Buckmaster
Wes Anderson Guest Edit by Patrick Willems

Map data from OpenStreetMap: https://www.openstreetmap.org/copyright",-EZ2KXl1Xcw,"St. Mark's Basilica, Venice, Italy"
Ep 4 — We Played a 72 Hour Game of Tag Across Europe (Again),"Watch episode five right now on Nebula: https://nebula.tv/videos/jetlag-ep-5-we-played-a-72-hour-game-of-tag-across-europe-again
Get $20 off an annual Nebula subscription by signing up at http://go.nebula.tv/jetlag

Listen to the Nebula-exclusive Layover podcast now: https://nebula.tv/thelayover

Our other channels:
Wendover Productions - https://nebula.tv/wendover
Half as Interesting - https://nebula.tv/hai

Follow us on Twitter: http://twitter.com/wendoverpro

Created by Adam Chase, Sam Denby, and Ben Doyle
Editing by Adam Chase, Ben Doyle, Henry Ariza, Tyson Kroening
Supervising Producer Graham Haerther
Motion Graphics by Lili Pereira, João Pessegueiro, Dom Burgess, Elise Heersink, Derek Brown
Audio by Manni Simon, Donovan Bullen
Additional Game Design by Amy Muller
Artwork by Simon Buckmaster

Map data from OpenStreetMap: https://www.openstreetmap.org/copyright",fAq_654T_GM,"La Rambla, Barcelona, Spain"
Ep 3 — We Played a 72 Hour Game of Tag Across Europe (Again),"Watch episode four right now on Nebula: https://nebula.tv/videos/jetlag-ep-4-we-played-a-72-hour-game-of-tag-across-europe-again
Get $20 off an annual Nebula subscription by signing up at http://go.nebula.tv/jetlag

Listen to the Nebula-exclusive Layover podcast now: https://nebula.tv/thelayover

Our other channels:
Wendover Productions - https://nebula.tv/wendover
Half as Interesting - https://nebula.tv/hai

Follow us on Twitter: http://twitter.com/wendoverpro

Created by Adam Chase, Sam Denby, and Ben Doyle
Editing by Adam Chase, Ben Doyle, Henry Ariza, Tyson Kroening
Supervising Producer Graham Haerther
Motion Graphics by Lili Pereira, João Pessegueiro, Dom Burgess, Elise Heersink, Derek Brown
Audio by Manni Simon, Donovan Bullen
Additional Game Design by Amy Muller
Artwork by Simon Buckmaster

Map data from OpenStreetMap: https://www.openstreetmap.org/copyright",jrTIrJmph2A,"Rijksmuseum, Amsterdam, Netherlands"
Ep 2 — We Played a 72 Hour Game of Tag Across Europe (Again),"Watch episode three right now on Nebula: https://nebula.tv/videos/jetlag-ep-3-we-played-a-72-hour-game-of-tag-across-europe-again
Get $20 off an annual Nebula subscription by signing up at http://go.nebula.tv/jetlag

Listen to the Nebula-exclusive Layover podcast now: https://nebula.tv/thelayover

Our other channels:
Wendover Productions - https://nebula.tv/wendover
Half as Interesting - https://nebula.tv/hai

Follow us on Twitter: http://twitter.com/wendoverpro

Created by Adam Chase, Sam Denby, and Ben Doyle
Editing by Adam Chase, Ben Doyle, Henry Ariza, Tyson Kroening
Supervising Producer Graham Haerther
Motion Graphics by Lili Pereira, João Pessegueiro, Dom Burgess, Elise Heersink, Derek Brown
Audio by Manni Simon, Donovan Bullen
Additional Game Design by Amy Muller
Artwork by Simon Buckmaster

Map data from OpenStreetMap: https://www.openstreetmap.org/copyright",PL1FHzZP_nM,"Trevi Fountain, Rome, Italy"
We Played a 72 Hour Game of Tag Across Europe (Again),"Watch episode two right now on Nebula: https://nebula.tv/videos/jetlag-ep-2-we-played-a-72-hour-game-of-tag-across-europe-again
Get $20 off an annual Nebula subscription by signing up at http://go.nebula.tv/jetlag

Listen to the Nebula-exclusive Layover podcast now: https://nebula.tv/thelayover

Our other channels:
Wendover Productions - https://nebula.tv/wendover
Half as Interesting - https://nebula.tv/hai

Follow us on Twitter: http://twitter.com/wendoverpro

Created by Adam Chase, Sam Denby, and Ben Doyle
Editing by Adam Chase, Ben Doyle, Henry Ariza, Tyson Kroening
Supervising Producer Graham Haerther
Motion Graphics by Lili Pereira, João Pessegueiro, Dom Burgess, Elise Heersink, Derek Brown
Audio by Manni Simon, Donovan Bullen
Additional Game Design by Amy Muller
Artwork by Simon Buckmaster",IV1dbqcg9bI,"Neuschwanstein Castle, Schwangau, Germany"
Ep 7 - Playing a 96 Hr Game Of Capture The Flag Across Japan,"Get $20 off an annual Nebula subscription by signing up at http://go.nebula.tv/jetlag
Listen to the Nebula-exclusive Layover podcast now: https://nebula.tv/thelayover

Listen to the aftershow podcast only on Nebula: https://nebula.tv/thelayover

Our other channels:
Wendover Productions - https://nebula.tv/wendover
Half as Interesting - https://nebula.tv/hai

Follow us on Twitter: http://twitter.com/wendoverpro

Created by Adam Chase, Sam Denby, and Ben Doyle
Featuring Scotty Allen (https://www.youtube.com/@StrangeParts)
Editing by Adam Chase, Ben Doyle, Henry Ariza, Tyson Kroening
Supervising Producer Graham Haerther
Motion Graphics by Lili Pereira, João Pessegueiro, Dom Burgess, Elise Heersink, Derek Brown
Audio by Manni Simon, Donovan Bullen
Additional Game Design by Amy Muller
Artwork by Simon Buckmaster
Chibis by Twitchy Sparrow",cowxr0CqFrw,"Hiroshima Peace Memorial, Hiroshima, Japan"
Ep 6 - Playing a 96 Hr Game Of Capture The Flag Across Japan,"Get $20 off an annual Nebula subscription by signing up at http://go.nebula.tv/jetlag
Watch episode the season finale now at https://nebula.tv/videos/jetlag-ep-7-we-played-a-96hour-game-of-capture-the-flag-across-japan

Listen to the aftershow podcast only on Nebula: https://nebula.tv/thelayover

Our other channels:
Wendover Productions - https://nebula.tv/wendover
Half as Interesting - https://nebula.tv/hai

Follow us on Twitter: http://twitter.com/wendoverpro

Created by Adam Chase, Sam Denby, and Ben Doyle
Featuring Scotty Allen (https://www.youtube.com/@StrangeParts)
Editing by Adam Chase, Ben Doyle, Henry Ariza, Tyson Kroening
Supervising Producer Graham Haerther
Motion Graphics by Lili Pereira, João Pessegueiro, Dom Burgess, Elise Heersink, Derek Brown
Audio by Manni Simon, Donovan Bullen
Additional Game Design by Amy Muller
Artwork by Simon Buckmaster
Chibis by Twitchy Sparrow",7PMpQEdWnYc,"Nara Park, Nara, Japan"
Ep 5 - Playing a 96 Hr Game Of Capture The Flag Across Japan,"Get $20 off an annual Nebula subscription by signing up at http://go.nebula.tv/jetlag
Watch episode three now at https://nebula.tv/videos/jetlag-ep-6-we-played-a-96hour-game-of-capture-the-flag-across-japan

Listen to the aftershow podcast only on Nebula: https://nebula.tv/thelayover

Our other channels:
Wendover Productions - https://nebula.tv/wendover
Half as Interesting - https://nebula.tv/hai

Follow us on Twitter: http://twitter.com/wendoverpro

Created by Adam Chase, Sam Denby, and Ben Doyle
Featuring Scotty Allen (https://www.youtube.com/@StrangeParts)
Editing by Adam Chase, Ben Doyle, Henry Ariza, Tyson Kroening
Supervising Producer Graham Haerther
Motion Graphics by Lili Pereira, João Pessegueiro, Dom Burgess, Elise Heersink, Derek Brown
Audio by Manni Simon, Donovan Bullen
Artwork by Simon Buckmaster
Additional Game Design by Amy Muller
Chibis by Twitchy Sparrow",URwX2L0twZs,"Peace Memorial Park, Nagasaki, Japan"
Ep 4 - Playing a 96 Hr Game Of Capture The Flag Across Japan,"Get $20 off an annual Nebula subscription by signing up at http://go.nebula.tv/jetlag
Watch episode three now at https://nebula.tv/videos/jetlag-ep-5-we-played-a-96hour-game-of-capture-the-flag-across-japan

Listen to the aftershow podcast only on Nebula: https://nebula.tv/thelayover

Our other channels:
Wendover Productions - https://nebula.tv/wendover
Half as Interesting - https://nebula.tv/hai

Follow us on Twitter: http://twitter.com/wendoverpro

Created by Adam Chase, Sam Denby, and Ben Doyle
Featuring Scotty Allen (https://www.youtube.com/@StrangeParts)
Editing by Adam Chase, Ben Doyle, Henry Ariza, Tyson Kroening
Supervising Producer Graham Haerther
Motion Graphics by Lili Pereira, João Pessegueiro, Dom Burgess, Elise Heersink, Derek Brown
Audio by Manni Simon, Donovan Bullen
Artwork by Simon Buckmaster
Additional Game Design by Amy Muller
Chibis by Twitchy Sparrow",psV10AE_znY,"Kinkaku-ji, Kyoto, Japan"
Ep 3 - Playing a 96 Hr Game Of Capture The Flag Across Japan,"Get $20 off an annual Nebula subscription by signing up at http://go.nebula.tv/jetlag
Watch episode three now at https://nebula.tv/videos/jetlag-ep-4-we-played-a-96hour-game-of-capture-the-flag-across-japan

Listen to the aftershow podcast only on Nebula: https://nebula.tv/thelayover

Our other channels:
Wendover Productions - https://nebula.tv/wendover
Half as Interesting - https://nebula.tv/hai

Follow us on Twitter: http://twitter.com/wendoverpro

Created by Adam Chase, Sam Denby, and Ben Doyle
Featuring Scotty Allen (https://www.youtube.com/@StrangeParts)
Editing by Adam Chase, Ben Doyle, Henry Ariza, Tyson Kroening
Supervising Producer Graham Haerther
Motion Graphics by Lili Pereira, João Pessegueiro, Dom Burgess, Elise Heersink, Derek Brown
Audio by Manni Simon, Donovan Bullen
Artwork by Simon Buckmaster
Additional Game Design by Amy Muller
Chibis by Twitchy Sparrow",7S54BYznHi8,"Hōryū-ji, Nara, Japan"
Ep 2 - Playing a 96 Hr Game Of Capture The Flag Across Japan,"Get $20 off an annual Nebula subscription by signing up at http://go.nebula.tv/jetlag
Watch episode three now at https://nebula.tv/videos/jetlag-ep-3-we-played-a-96hour-game-of-capture-the-flag-across-japan

Listen to the aftershow podcast only on Nebula: https://nebula.tv/thelayover

Our other channels:
Wendover Productions - https://nebula.tv/wendover
Half as Interesting - https://nebula.tv/hai

Follow us on Twitter: http://twitter.com/wendoverpro

Created by Adam Chase, Sam Denby, and Ben Doyle
Featuring Scotty Allen (https://www.youtube.com/@StrangeParts)
Editing by Adam Chase, Ben Doyle, Henry Ariza, Tyson Kroening
Supervising Producer Graham Haerther
Motion Graphics by Lili Pereira, João Pessegueiro, Dom Burgess, Elise Heersink, Derek Brown
Audio by Manni Simon, Donovan Bullen
Artwork by Simon Buckmaster
Additional Game Design by Amy Muller
Chibis by Twitchy Sparrow",jlF5DOnlosE,"Akihabara, Tokyo, Japan"
We Played A 96 Hour Game Of Capture The Flag Across Japan,"Get $20 off an annual Nebula subscription by signing up at http://go.nebula.tv/jetlag
Watch episode two now at https://nebula.tv/videos/jetlag-ep-2-we-played-a-96hour-game-of-capture-the-flag-across-japan

Listen to the aftershow podcast only on Nebula: https://nebula.tv/thelayover

Our other channels:
Wendover Productions - https://nebula.tv/wendover
Half as Interesting - https://nebula.tv/hai

Follow us on Twitter: http://twitter.com/wendoverpro

Created by Adam Chase, Sam Denby, and Ben Doyle
Featuring Scotty Allen (https://www.youtube.com/@StrangeParts)
Editing by Adam Chase, Ben Doyle, Henry Ariza, Tyson Kroening
Supervising Producer Graham Haerther
Motion Graphics by Lili Pereira, João Pessegueiro, Dom Burgess, Elise Heersink, Derek Brown
Audio by Manni Simon, Donovan Bullen
Artwork by Simon Buckmaster
Additional Game Design by Amy Muller
Chibis by Twitchy Sparrow",8ZM_hPF1hsY,"Dotonbori District, Osaka, Japan"
Ep 8 - We Turned New Zealand Into a Real-Life Board Game,"Get $20 off an annual Nebula subscription by signing up at http://go.nebula.tv/jetlag

Listen to the aftershow podcast only on Nebula: https://nebula.tv/thelayover

Our other channels:
Wendover Productions - https://nebula.tv/wendover
Half as Interesting - https://nebula.tv/hai

Follow us on Twitter: http://twitter.com/wendoverpro

Created by Adam Chase, Sam Denby, and Ben Doyle
Featuring Toby Hendy (@tibees )
Editing by Adam Chase, Ben Doyle, Henry Ariza
Motion Graphics by Lili Pereira, Dom Burgess , João Pessegueiro, Parker Simmons, Derek Brown, Elise Heersink, Sara Stoltman, Max Moser
Audio by Manni Simon, Donovan Bullen
Supervising Producer Graham Haerther
Artwork by Simon Buckmaster",35GVK6iOnbY,"Hobbiton, Matamata, New Zealand"
Ep 7 - We Turned New Zealand Into a Real-Life Board Game,"Watch the finale of Jet Lag right now on Nebula: https://nebula.tv/videos/jetlag-ep-8-we-turned-new-zealand-into-a-giant-reallife-board-game
Get $20 off an annual Nebula subscription by signing up at http://go.nebula.tv/jetlag

Listen to the aftershow podcast only on Nebula: https://nebula.tv/thelayover

Our other channels:
Wendover Productions - https://nebula.tv/wendover
Half as Interesting - https://nebula.tv/hai

Follow us on Twitter: http://twitter.com/wendoverpro

Created by Adam Chase, Sam Denby, and Ben Doyle
Featuring Toby Hendy (@tibees )
Editing by Adam Chase, Ben Doyle, Henry Ariza
Motion Graphics by Lili Pereira, Dom Burgess , João Pessegueiro, Parker Simmons, Derek Brown, Elise Heersink, Sara Stoltman, Max Moser
Audio by Manni Simon, Donovan Bullen
Supervising Producer Graham Haerther
Artwork by Simon Buckmaster",7o7QkGmO-fg,"Sky Tower, Auckland, New Zealand"
Ep 6 - We Turned New Zealand Into a Real-Life Board Game,"Watch the next episode of Jet Lag right now on Nebula: https://nebula.tv/videos/jetlag-ep-7-we-turned-new-zealand-into-a-giant-reallife-board-game
Get $20 off an annual Nebula subscription by signing up at http://go.nebula.tv/jetlag

Listen to the aftershow podcast only on Nebula: https://nebula.tv/thelayover

Our other channels:
Wendover Productions - https://nebula.tv/wendover
Half as Interesting - https://nebula.tv/hai

Follow us on Twitter: http://twitter.com/wendoverpro

Created by Adam Chase, Sam Denby, and Ben Doyle
Featuring Toby Hendy (@tibees )
Editing by Adam Chase, Ben Doyle, Henry Ariza
Motion Graphics by Lili Pereira, Dom Burgess , João Pessegueiro, Parker Simmons, Derek Brown, Elise Heersink, Sara Stoltman, Max Moser
Audio by Manni Simon, Donovan Bullen
Supervising Producer Graham Haerther
Artwork by Simon Buckmaster",nfRlal2bTqI,"Te Papa Tongarewa Museum, Wellington, New Zealand"
Ep 5 - We Turned New Zealand Into a Real-Life Board Game,"Sign up for a lifetime Nebula subscription for a limited time at http://go.nebula.tv/lifetime?ref=jetlag

Watch the next episode of Jet Lag right now on Nebula: https://nebula.tv/videos/jetlag-ep-6-we-turned-new-zealand-into-a-giant-reallife-board-game
Get $20 off an annual Nebula subscription by signing up at http://go.nebula.tv/jetlag

Listen to the aftershow podcast only on Nebula: https://nebula.tv/thelayover

Our other channels:
Wendover Productions - https://nebula.tv/wendover
Half as Interesting - https://nebula.tv/hai

Follow us on Twitter: http://twitter.com/wendoverpro

Created by Adam Chase, Sam Denby, and Ben Doyle
Featuring Toby Hendy (@tibees )
Editing by Adam Chase, Ben Doyle, Henry Ariza
Motion Graphics by Lili Pereira, Dom Burgess , João Pessegueiro, Parker Simmons, Derek Brown, Elise Heersink, Sara Stoltman, Max Moser
Audio by Manni Simon, Donovan Bullen
Supervising Producer Graham Haerther
Artwork by Simon Buckmaster",8FMN7zHB5BA,"Milford Sound, Fiordland National Park, New Zealand"
Ep 4 - We Turned New Zealand Into a Real-Life Board Game,"Watch the next episode of Jet Lag right now on Nebula: https://nebula.tv/videos/jetlag-ep-5-we-turned-new-zealand-into-a-giant-reallife-board-game
Get $20 off an annual Nebula subscription by signing up at http://go.nebula.tv/jetlag

Listen to the aftershow podcast only on Nebula: https://nebula.tv/thelayover

Our other channels:
Wendover Productions - https://nebula.tv/wendover
Half as Interesting - https://nebula.tv/hai

Follow us on Twitter: http://twitter.com/wendoverpro

Created by Adam Chase, Sam Denby, and Ben Doyle
Featuring Toby Hendy (@tibees)
Editing by Adam Chase, Ben Doyle, Henry Ariza
Motion Graphics by Lili Pereira, Dom Burgess , João Pessegueiro, Parker Simmons, Derek Brown, Elise Heersink, Sara Stoltman, Max Moser
Audio by Manni Simon, Donovan Bullen
Supervising Producer Graham Haerther
Artwork by Simon Buckmaster",ZBgUP81d-GA,"Larnach Castle, Dunedin, New Zealand"
Ep 3 - We Turned New Zealand Into a Real-Life Board Game,"Watch the next episode of Jet Lag right now on Nebula: https://nebula.tv/videos/jetlag-ep-4-we-turned-new-zealand-into-a-giant-reallife-board-game
Get $20 off an annual Nebula subscription by signing up at http://go.nebula.tv/jetlag

Listen to the aftershow podcast only on Nebula: https://nebula.tv/thelayover

Our other channels:
Wendover Productions - https://nebula.tv/wendover
Half as Interesting - https://nebula.tv/hai

Follow us on Twitter: http://twitter.com/wendoverpro

Created by Adam Chase, Sam Denby, and Ben Doyle
Featuring Toby Hendy (@tibees)
Editing by Adam Chase, Ben Doyle, Henry Ariza
Motion Graphics by Lili Pereira, Dom Burgess , João Pessegueiro, Parker Simmons, Derek Brown, Elise Heersink, Sara Stoltman, Max Moser
Audio by Manni Simon, Donovan Bullen
Supervising Producer Graham Haerther
Artwork by Simon Buckmaster",C30lQzcEhx0,"Christchurch Botanic Gardens, Christchurch, New Zealand"
Ep 2 - We Turned New Zealand Into a Real-Life Board Game,"Watch the next episode of Jet Lag right now on Nebula: https://nebula.tv/videos/jetlag-ep-3-we-turned-new-zealand-into-a-giant-reallife-board-game
Get $20 off an annual Nebula subscription by signing up at http://go.nebula.tv/jetlag

Listen to the aftershow podcast only on Nebula: https://nebula.tv/thelayover

Our other channels:
Wendover Productions - https://nebula.tv/wendover
Half as Interesting - https://nebula.tv/hai

Follow us on Twitter: http://twitter.com/wendoverpro

Created by Adam Chase, Sam Denby, and Ben Doyle
Featuring Toby Hendy (@tibees )
Editing by Adam Chase, Ben Doyle, Henry Ariza
Motion Graphics by Lili Pereira, Dom Burgess , João Pessegueiro, Parker Simmons, Derek Brown, Elise Heersink, Sara Stoltman, Max Moser
Audio by Manni Simon, Donovan Bullen
Supervising Producer Graham Haerther
Artwork by Simon Buckmaster",hfOy7pb0xXk,"Lake Taupo, Taupo, New Zealand"
We Turned New Zealand Into a Real-Life Board Game,"Watch the next episode of Jet Lag right now on Nebula: https://nebula.tv/videos/jetlag-ep-2-we-turned-new-zealand-into-a-giant-reallife-board-game
Get $20 off an annual Nebula subscription by signing up at http://go.nebula.tv/jetlag

Listen to the aftershow podcast only on Nebula: https://nebula.tv/thelayover

Our other channels:
Wendover Productions - https://nebula.tv/wendover
Half as Interesting - https://nebula.tv/hai

Follow us on Twitter: http://twitter.com/wendoverpro

Created by Adam Chase, Sam Denby, and Ben Doyle
Featuring Toby Hendy ( @tibees )
Editing by Adam Chase, Ben Doyle, Henry Ariza
Motion Graphics by Lili Pereira, Dom Burgess , João Pessegueiro, Parker Simmons, Derek Brown, Elise Heersink, Sara Stoltman, Max Moser
Audio by Manni Simon, Donovan Bullen
Supervising Producer Graham Haerther
Artwork by Simon Buckmaster",LxLgmsmvXOE,"Skyline Queenstown, Queenstown, New Zealand"
We Raced To Visit The Most US States In 100 Hrs - Finale,"Watch the after show for this season of Jet Lag right now on Nebula: 
https://nebula.tv/videos/jetlag-jet-lag-the-layover-season-4
Get $20 off an annual Nebula subscription by signing up at http://go.nebula.tv/jetlag

This season, follow Adam and Ben versus Sam and Brian as they travel across the country competing for control over the most US states. They’ll have 4 days to travel to as many states as possible, complete challenges from their deck, and desperately try to defend their territory from this season’s newest twist: battles.

Our other channels:
Wendover Productions - http://youtube.com/wendoverproductions
Half as Interesting - http://youtube.com/halfasinteresting

Follow us on Twitter: http://twitter.com/wendoverpro

Created by Adam Chase, Sam Denby, and Ben Doyle
Editing by Adam Chase, Ben Doyle, Henry Ariza, Ryan Alva
Motion Graphics by Lili Pereira, Max Moser, Josh Sherrington, Maddy Haynes, Sara Stoltman, Aelee Vang, Derek Brown, Mikaila Blackburn, Neel Sawant, Parker Simmons
Audio by Manni Simon, Donovan Bullen
Supervising Producer Graham Haerther
Artwork by Simon Buckmaster

The production has offset 10x its estimated carbon impact through The Wren climate portfolio: https://www.wren.co/profile/wendoverproductions",RnSUaZEwYq4,"Mount Rushmore National Memorial, Keystone, South Dakota, United States"
We Raced To Visit The Most US States In 100 Hrs - Day 4,"Watch the next episode of Jet Lag right now on Nebula: 
https://nebula.tv/videos/jetlag-ep-5-we-raced-to-visit-the-most-us-states-in-100-hours
Get $20 off an annual Nebula subscription by signing up at http://go.nebula.tv/jetlag

This season, follow Adam and Ben versus Sam and Brian as they travel across the country competing for control over the most US states. They’ll have 4 days to travel to as many states as possible, complete challenges from their deck, and desperately try to defend their territory from this season’s newest twist: battles.

Our other channels:
Wendover Productions - http://youtube.com/wendoverproductions
Half as Interesting - http://youtube.com/halfasinteresting

Follow us on Twitter: http://twitter.com/wendoverpro

Created by Adam Chase, Sam Denby, and Ben Doyle
Editing by Adam Chase, Ben Doyle, Henry Ariza, Ryan Alva
Motion Graphics by Lili Pereira, Max Moser, Josh Sherrington, Maddy Haynes, Sara Stoltman, Aelee Vang, Derek Brown, Mikaila Blackburn, Neel Sawant, Parker Simmons
Audio by Manni Simon, Donovan Bullen
Supervising Producer Graham Haerther
Artwork by Simon Buckmaster

The production has offset 10x its estimated carbon impact through The Wren climate portfolio: https://www.wren.co/profile/wendoverproductions",2NPGrKItt3E,"Statue of Liberty, New York City, New York, United States"
We Raced To Visit The Most US States In 100 Hrs - Day 3,"Watch the next episode of Jet Lag right now on Nebula: 
https://nebula.tv/videos/jetlag-ep-4-we-raced-to-visit-the-most-us-states-in-100-hours
Get $20 off an annual Nebula subscription by signing up at http://go.nebula.tv/jetlag

This season, follow Adam and Ben versus Sam and Brian as they travel across the country competing for control over the most US states. They’ll have 4 days to travel to as many states as possible, complete challenges from their deck, and desperately try to defend their territory from this season’s newest twist: battles.

Our other channels:
Wendover Productions - http://youtube.com/wendoverproductions
Half as Interesting - http://youtube.com/halfasinteresting

Follow us on Twitter: http://twitter.com/wendoverpro

Created by Adam Chase, Sam Denby, and Ben Doyle
Editing by Adam Chase, Ben Doyle, Henry Ariza, Ryan Alva
Motion Graphics by Lili Pereira, Max Moser, Josh Sherrington, Maddy Haynes, Sara Stoltman, Aelee Vang, Derek Brown, Mikaila Blackburn, Neel Sawant, Parker Simmons
Audio by Manni Simon, Donovan Bullen
Supervising Producer Graham Haerther
Artwork by Simon Buckmaster

The production has offset 10x its estimated carbon impact through The Wren climate portfolio: https://www.wren.co/profile/wendoverproductions",qXJ0FRHHEZI,"Times Square, New York City, New York, United States"
We Raced To Visit The Most US States In 100 Hrs - Day 2,"Watch the next episode of Jet Lag right now on Nebula: https://nebula.tv/videos/jetlag-ep-3-we-raced-to-visit-the-most-us-states-in-100-hours
Get $20 off an annual Nebula subscription by signing up at http://go.nebula.tv/jetlag

This season, follow Adam and Ben versus Sam and Brian as they travel across the country competing for control over the most US states. They’ll have 4 days to travel to as many states as possible, complete challenges from their deck, and desperately try to defend their territory from this season’s newest twist: battles.

Our other channels:
Wendover Productions - http://youtube.com/wendoverproductions
Half as Interesting - http://youtube.com/halfasinteresting

Follow us on Twitter: http://twitter.com/wendoverpro

Created by Adam Chase, Sam Denby, and Ben Doyle
Editing by Adam Chase, Ben Doyle, Henry Ariza, Ryan Alva
Motion Graphics by Lili Pereira, Max Moser, Josh Sherrington, Maddy Haynes, Sara Stoltman, Aelee Vang, Derek Brown, Mikaila Blackburn, Neel Sawant, Parker Simmons
Audio by Manni Simon, Donovan Bullen
Supervising Producer Graham Haerther
Artwork by Simon Buckmaster

The production has offset 10x its estimated carbon impact through The Wren climate portfolio: https://www.wren.co/profile/wendoverproductions",idiCtICGlCA,"The Gateway Arch, St. Louis, Missouri, United States"
We Raced To Visit The Most US States In 100 Hours,"Watch the next episode of Jet Lag right now on Nebula: https://nebula.tv/videos/jetlag-ep-2-we-raced-to-visit-the-most-us-states-in-100-hours
Get $20 off an annual Nebula subscription by signing up at http://go.nebula.tv/jetlag

This season, follow Adam and Ben versus Sam and Brian as they travel across the country competing for control over the most US states. They’ll have 4 days to travel to as many states as possible, complete challenges from their deck, and desperately try to defend their territory from this season’s newest twist: battles.

Our other channels:
Wendover Productions - http://youtube.com/wendoverproductions
Half as Interesting - http://youtube.com/halfasinteresting

Follow us on Twitter: http://twitter.com/wendoverpro

Created by Adam Chase, Sam Denby, and Ben Doyle
Editing by Adam Chase, Ben Doyle, Henry Ariza, Ryan Alva
Motion Graphics by Lili Pereira, Max Moser, Josh Sherrington, Maddy Haynes, Sara Stoltman, Aelee Vang, Derek Brown, Mikaila Blackburn, Neel Sawant, Parker Simmons
Audio by Manni Simon, Donovan Bullen
Supervising Producer Graham Haerther
Artwork by Simon Buckmaster

The production has offset 10x its estimated carbon impact through The Wren climate portfolio: https://www.wren.co/profile/wendoverproductions",E0ejkkFT3V0,"The White House, Washington, D.C., United States"
Playing A 72 Hr Game of Tag Across Europe - Finale,"Watch the next episode of Jet Lag right now on Nebula: https://nebula.tv/videos/jetlag-ep-8-the-layover-we-played-tag-across-europe
Get $20 off an annual Nebula subscription by signing up at http://go.nebula.tv/jetlag

Our other channels:
Wendover Productions - http://youtube.com/wendoverproductions
Half as Interesting - http://youtube.com/halfasinteresting

Follow us on Twitter: http://twitter.com/wendoverpro

Created by Adam Chase, Sam Denby, and Ben Doyle
Edited by Adam Chase, Ben Doyle, Henry Ariza
Motion graphics by Lili Pereira, Dom Burgess, Max Moser
Audio by Graham Haerther, Donovan Bullen, Henry Ariza
Artwork by Simon Buckmaster

The production has offset 10x its estimated carbon impact through a cookstove replacement program in China certified by the Gold Standard: https://registry.goldstandard.org/cre...",g275afit9l0,"Atomium, Brussels, Belgium"
Playing a 72 Hr Game of Tag Across Europe - Ep 6,"Watch the next episode of Jet Lag right now on Nebula: https://nebula.tv/videos/jetlag-ep-7-we-played-tag-across-europe
Get $20 off an annual Nebula subscription by signing up at http://go.nebula.tv/jetlag

Our other channels:
Wendover Productions - http://youtube.com/wendoverproductions
Half as Interesting - http://youtube.com/halfasinteresting

Follow us on Twitter: http://twitter.com/wendoverpro

Created by Adam Chase, Sam Denby, and Ben Doyle
Edited by Adam Chase, Ben Doyle, Henry Ariza
Motion graphics by Lili Pereira, Dom Burgess, Max Moser
Audio by Graham Haerther, Donovan Bullen, Henry Ariza
Artwork by Simon Buckmaster

The production has offset 10x its estimated carbon impact through a cookstove replacement program in China certified by the Gold Standard: https://registry.goldstandard.org/credit-blocks/details/279220",T_WEYOMDT2I,"Szczecin Philharmonic, Szczecin, Poland"
Playing a 72 Hr Game of Tag Across Europe - Ep 5,"Watch the next episode of Jet Lag right now on Nebula: https://nebula.tv/videos/jetlag-ep-6-we-played-tag-across-europe
Get $20 off an annual Nebula subscription by signing up at http://go.nebula.tv/jetlag

Our other channels:
Wendover Productions - http://youtube.com/wendoverproductions
Half as Interesting - http://youtube.com/halfasinteresting

Follow us on Twitter: http://twitter.com/wendoverpro

Created by Adam Chase, Sam Denby, and Ben Doyle
Edited by Adam Chase, Ben Doyle, Henry Ariza
Motion graphics by Lili Pereira, Dom Burgess, Max Moser
Audio by Graham Haerther, Donovan Bullen, Henry Ariza
Artwork by Simon Buckmaster

The production has offset 10x its estimated carbon impact through a cookstove replacement program in China certified by the Gold Standard: https://registry.goldstandard.org/credit-blocks/details/279220",Dpinb2tunls,"Anne Frank House, Amsterdam, Netherlands"
Playing a 72 Hr Game of Tag Across Europe - Ep 4,"Watch the next episode of Jet Lag right now on Nebula: https://nebula.tv/videos/hai-ep-5-we-played-tag-across-europe
Get $20 off an annual Nebula subscription by signing up at http://go.nebula.tv/jetlag

Our other channels:
Wendover Productions - http://youtube.com/wendoverproductions
Half as Interesting - http://youtube.com/halfasinteresting

Follow us on Twitter: http://twitter.com/wendoverpro

Created by Adam Chase, Sam Denby, and Ben Doyle
Edited by Adam Chase, Ben Doyle, Henry Ariza
Motion graphics by Lili Pereira, Dom Burgess, Max Moser
Audio by Graham Haerther, Donovan Bullen, Henry Ariza
Artwork by Simon Buckmaster

The production has offset 10x its estimated carbon impact through a cookstove replacement program in China certified by the Gold Standard: https://registry.goldstandard.org/credit-blocks/details/279220",LBxeKFuGxJA,"Schönbrunn Palace, Vienna, Austria"
Playing a 72 Hr Game of Tag Across Europe - Ep 3,"Watch the next episode of Jet Lag right now on Nebula: https://nebula.tv/videos/jetlag-ep-4-we-played-tag-across-europe
Get $20 off an annual Nebula subscription by signing up at http://go.nebula.tv/jetlag

Our other channels:
Wendover Productions - http://youtube.com/wendoverproductions
Half as Interesting - http://youtube.com/halfasinteresting

Follow us on Twitter: http://twitter.com/wendoverpro

Created by Adam Chase, Sam Denby, and Ben Doyle
Edited by Adam Chase, Ben Doyle, Henry Ariza
Motion graphics by Lili Pereira, Dom Burgess, Max Moser
Audio by Graham Haerther, Donovan Bullen, Henry Ariza
Artwork by Simon Buckmaster

The production has offset 10x its estimated carbon impact through a cookstove replacement program in China certified by the Gold Standard: https://registry.goldstandard.org/credit-blocks/details/292911",i5QIazhw2Ns,"Vatican Museums, Vatican City, Vatican City State"
Playing A 72 Hr Game of Tag Across Europe - Ep 2,"Watch the next episode of Jet Lag right now on Nebula: https://nebula.tv/videos/jetlag-ep-3-we-played-tag-across-europe
Get $20 off an annual Nebula subscription by signing up at http://go.nebula.tv/jetlag

Our other channels:
Wendover Productions - http://youtube.com/wendoverproductions
Half as Interesting - http://youtube.com/halfasinteresting

Follow us on Twitter: http://twitter.com/wendoverpro

Created by Adam Chase, Sam Denby, and Ben Doyle
Edited by Adam Chase, Ben Doyle, Henry Ariza
Motion graphics by Lili Pereira, Dom Burgess, Max Moser
Audio by Graham Haerther, Donovan Bullen, Henry Ariza
Artwork by Simon Buckmaster

The production has offset 10x its estimated carbon impact through a cookstove replacement program in China certified by the Gold Standard: https://registry.goldstandard.org/credit-blocks/details/292911",K9XZCJCAyOE,"Acropolis of Athens, Athens, Greece"
We Played a 72 Hour Game of Tag Across Europe,"Watch the next episode of Jet Lag right now on Nebula: https://nebula.app/videos/jetlag-ep-2-we-played-tag-across-europe
Get $20 off an annual Nebula subscription by signing up at http://go.nebula.tv/jetlag

Our other channels:
Wendover Productions - http://youtube.com/wendoverproductions
Half as Interesting - http://youtube.com/halfasinteresting

Follow us on Twitter: http://twitter.com/wendoverpro

Created by Adam Chase, Sam Denby, and Ben Doyle
Edited by Adam Chase, Ben Doyle, Henry Ariza
Motion graphics by Lili Pereira, Dom Burgess, Max Moser
Audio by Graham Haerther, Donovan Bullen, Henry Ariza
Artwork by Simon Buckmaster

The production has offset 10x its estimated carbon impact through a cookstove replacement program in China certified by the Gold Standard: https://registry.goldstandard.org/credit-blocks/details/279220",q2tJqO6nCSc,"The British Museum, London, England, United Kingdom"
Day 5 - We Raced To Circumnavigate the Globe in 100 Hours,"Get $20 off an annual Nebula subscription by signing up at http://go.nebula.tv/jetlag

View this season's challenges here: https://docs.google.com/document/d/1IFFhsZEsGqep2R5RUj9p0Q3eT2ZAJJYGLQci-1F5BOM/edit?usp=sharing

Our other channels:
Wendover Productions - http://youtube.com/wendoverproductions
Half as Interesting - http://youtube.com/halfasinteresting

Follow us on Twitter: http://twitter.com/wendoverpro

Created by Adam Chase, Sam Denby, and Ben Doyle
Editing by Adam Chase, Ben Doyle, Alexander Williard
Motion graphics by Lili Pereira, Dom Burgess, Max Moser
Audio by Graham Haerther, Donovan Bullen, Henry Ariza
Artwork by Simon Buckmaster

The production has offset 10x its estimated carbon impact through a cookstove replacement program in China certified by the Gold Standard: https://registry.goldstandard.org/credit-blocks/details/279220",uXmnxhYQ_Iw,"Christ the Redeemer, Rio de Janeiro, Brazil"
Day 4 - We Raced To Circumnavigate the Globe in 100 Hours,"Get $20 off an annual Nebula subscription by signing up at http://go.nebula.tv/jetlag

View this season's challenges here: https://docs.google.com/document/d/1IFFhsZEsGqep2R5RUj9p0Q3eT2ZAJJYGLQci-1F5BOM/edit?usp=sharing

Our other channels:
Wendover Productions - http://youtube.com/wendoverproductions
Half as Interesting - http://youtube.com/halfasinteresting

Follow us on Twitter: http://twitter.com/wendoverpro

Created by Adam Chase, Sam Denby, and Ben Doyle
Editing by Adam Chase, Ben Doyle, Alexander Williard
Motion graphics by Lili Pereira, Dom Burgess, Max Moser
Audio by Graham Haerther, Donovan Bullen, Henry Ariza
Artwork by Simon Buckmaster

The production has offset 10x its estimated carbon impact through a cookstove replacement program in China certified by the Gold Standard: https://registry.goldstandard.org/credit-blocks/details/279220",20y1H6eGHuY,"Copacabana Beach, Rio de Janeiro, Brazil"
Day 3 - We Raced To Circumnavigate the Globe in 100 Hours,"Get $20 off an annual Nebula subscription by signing up at http://go.nebula.tv/jetlag

View this season's challenges here: https://docs.google.com/document/d/1IFFhsZEsGqep2R5RUj9p0Q3eT2ZAJJYGLQci-1F5BOM/edit?usp=sharing

Our other channels:
Wendover Productions - http://youtube.com/wendoverproductions
Half as Interesting - http://youtube.com/halfasinteresting

Follow us on Twitter: http://twitter.com/wendoverpro

Created by Adam Chase, Sam Denby, and Ben Doyle
Editing by Adam Chase, Ben Doyle, Alexander Williard
Motion graphics by Lili Pereira, Dom Burgess, Max Moser
Audio by Graham Haerther, Donovan Bullen, Henry Ariza
Artwork by Simon Buckmaster

The production has offset 10x its estimated carbon impact through a cookstove replacement program in China certified by the Gold Standard: https://registry.goldstandard.org/credit-blocks/details/279220",Do9eV2zHtiA,"Pão de Açúcar, Rio de Janeiro, Brazil"
Day 2 - We Raced To Circumnavigate The Globe In 100 Hours,"Get $20 off an annual Nebula subscription by signing up at http://go.nebula.tv/jetlag

View this season's challenges here: https://docs.google.com/document/d/1IFFhsZEsGqep2R5RUj9p0Q3eT2ZAJJYGLQci-1F5BOM/edit?usp=sharing

Our other channels:
Wendover Productions - http://youtube.com/wendoverproductions
Half as Interesting - http://youtube.com/halfasinteresting

Follow us on Twitter: http://twitter.com/wendoverpro

Created by Adam Chase, Sam Denby, and Ben Doyle
Editing by Adam Chase, Ben Doyle, Alexander Williard
Motion graphics by Lili Pereira, Dom Burgess, Max Moser
Audio by Graham Haerther, Donovan Bullen, Henry Ariza
Artwork by Simon Buckmaster

The production has offset 10x its estimated carbon impact through a cookstove replacement program in China certified by the Gold Standard: https://registry.goldstandard.org/credit-blocks/details/279220",tq7KarjTwTA,"Taj Mahal, Agra, India"
We Raced To Circumnavigate The Globe In 100 Hours,"Get $20 off an annual Nebula subscription by signing up at http://go.nebula.tv/jetlag

View this season's challenges here: https://docs.google.com/document/d/1IFFhsZEsGqep2R5RUj9p0Q3eT2ZAJJYGLQci-1F5BOM/edit?usp=sharing

Our other channels:
Wendover Productions - http://youtube.com/wendoverproductions
Half as Interesting - http://youtube.com/halfasinteresting


Follow us on Twitter: http://twitter.com/wendoverpro


Created by Adam Chase, Sam Denby, and Ben Doyle
Editing by Adam Chase, Ben Doyle, Alexander Williard
Motion graphics by Lili Pereira, Dom Burgess, Max Moser
Audio by Graham Haerther, Donovan Bullen, Henry Ariza
Artwork by Simon Buckmaster


The production has offset 10x its estimated carbon impact through a cookstove replacement program in China certified by the Gold Standard: https://registry.goldstandard.org/credit-blocks/details/279220",Gta43oOV4Ag,"Petra, Ma'an, Jordan"
Our Flight Got Diverted at the Worst Possible Time - Connect 4 Across America,"Get $20 off an annual Nebula subscription by signing up at http://go.nebula.tv/jetlag

Watch this video ad-free on Nebula: https://nebula.app/videos/jetlag-the-big-strategy-day-connect-4-across-america
Watch the next video ad-free and one week early on Nebula: https://nebula.app/videos/jetlag-finale-connect-4-across-america

Our other channels:
Wendover Productions - http://youtube.com/wendoverproductions
Half as Interesting - http://youtube.com/halfasinteresting

Follow us on Twitter: http://twitter.com/wendoverpro

Created by Adam Chase, Sam Denby, and Ben Doyle
Editing by Adam Chase, Ben Doyle, Alexander Williard
Motion graphics by Lili Pereira, Dom Burgess, Max Moser
Audio by Graham Haerther, Donovan Bullen, Henry Ariza
Artwork by Simon Buckmaster

The production has offset 10x its estimated carbon impact through a cookstove replacement program in Myanmar certified by the Gold Standard: https://registry.goldstandard.org/credit-blocks/details/270890",DSuva0TtdYs,"Cloud Gate, Chicago, Illinois, United States"
"Flying 1,200 Miles to Ruin Our Boss' Plan - Connect 4 Across America","Get $20 off an annual Nebula subscription by signing up at http://go.nebula.tv/jetlag

Watch this video ad-free on Nebula: https://nebula.app/videos/jetlag-the-big-strategy-day-connect-4-across-america
Watch the next video ad-free and one week early on Nebula: https://nebula.app/videos/jetlag-finale-connect-4-across-america

Our other channels:
Wendover Productions - http://youtube.com/wendoverproductions
Half as Interesting - http://youtube.com/halfasinteresting

Follow us on Twitter: http://twitter.com/wendoverpro

Created by Adam Chase, Sam Denby, and Ben Doyle
Editing by Adam Chase, Ben Doyle, Alexander Williard
Motion graphics by Lili Pereira, Dom Burgess, Max Moser
Audio by Graham Haerther, Donovan Bullen, Henry Ariza
Artwork by Simon Buckmaster

The production has offset 10x its estimated carbon impact through a cookstove replacement program in Myanmar certified by the Gold Standard: https://registry.goldstandard.org/credit-blocks/details/270890",LmjcQ9UoBjc,"Golden Gate Bridge, San Francisco, California, United States"
We Played Connect 4 by Travelling to Actual US States,"Get $20 off an annual Nebula subscription by signing up at http://go.nebula.tv/jetlag

Watch this video ad-free on Nebula: https://nebula.app/videos/jetlag-we-played-connect-4-by-travelling-to-actual-us-states
Watch the next video ad-free and one week early on Nebula: https://nebula.app/videos/jetlag-the-big-strategy-day-connect-4-across-america

Sam's Instagram: https://www.instagram.com/sam.from.wendover/

Our other channels:
Wendover Productions - http://youtube.com/wendoverproductions
Half as Interesting - http://youtube.com/halfasinteresting

Follow us on Twitter: http://twitter.com/wendoverpro

Created by Adam Chase, Sam Denby, and Ben Doyle
Editing by Adam Chase, Ben Doyle, Alexander Williard
Motion graphics by Lili Pereira, Dom Burgess, Max Moser
Audio by Graham Haerther, Donovan Bullen, Henry Ariza
Artwork by Simon Buckmaster

The production has offset 10x its estimated carbon impact through a cookstove replacement program in Myanmar certified by the Gold Standard: https://registry.goldstandard.org/credit-blocks/details/270890",oZSUxdzgA08,"Statue of Liberty, Liberty Island, New York City, New York, United States"
